customer_id,customer_gender,customer_age,customer_tenure_days,rfm_frequency,rfm_recency,rfm_monetary,rfm_max_spend,rfm_unique_cats,rfm_avg_views,rfm_rated_ratio,rfm_device_mode,customer_top_1_cat,customer_top_2_cat,customer_top_3_cat,freq_cat_blouse,freq_cat_dress,freq_cat_jacket,freq_cat_jeans,freq_cat_shirt,freq_cat_shoes,freq_cat_skirt,freq_cat_slacks,freq_cat_suit,freq_cat_t-shirt
CUST_0001,unknown,20,239,5,11,1288.774,1358.17,2,3.8,0.4,mobile,blouse,skirt,unknown,4,0,0,0,0,0,1,0,0,0
CUST_0002,female,27,299,1,174,1296.13,1296.13,1,4.0,0.0,desktop,dress,unknown,unknown,0,1,0,0,0,0,0,0,0,0
CUST_0003,unknown,23,238,10,5,1299.399,1454.15,3,4.8,0.2,mobile,blouse,dress,skirt,4,4,0,0,0,0,2,0,0,0
CUST_0004,female,25,415,5,27,1298.5520000000001,1485.13,3,6.4,0.4,mobile,dress,skirt,blouse,1,2,0,0,0,0,2,0,0,0
CUST_0005,unknown,22,303,10,42,1279.764,1367.76,3,5.7,0.1,mobile,blouse,dress,skirt,6,2,0,0,0,0,2,0,0,0
CUST_0006,female,21,403,3,118,1353.8500000000001,1500.0,3,8.666666666666666,0.0,mobile,blouse,dress,skirt,1,1,0,0,0,0,1,0,0,0
CUST_0007,female,26,26,11,6,1225.388181818182,1370.82,3,4.909090909090909,0.45454545454545453,mobile,dress,blouse,skirt,3,5,0,0,0,0,3,0,0,0
CUST_0008,unknown,21,226,8,6,1245.42,1500.0,3,5.0,0.0,mobile,blouse,dress,skirt,3,3,0,0,0,0,2,0,0,0
CUST_0009,female,26,258,6,76,1230.435,1340.52,3,7.166666666666667,0.0,mobile,blouse,dress,skirt,3,2,0,0,0,0,1,0,0,0
CUST_0010,unknown,24,78,6,20,1230.8933333333332,1500.0,3,6.166666666666667,0.3333333333333333,mobile,blouse,dress,skirt,2,2,0,0,0,0,2,0,0,0
CUST_0011,male,26,113,8,28,1238.86625,1325.62,3,5.75,0.125,mobile,dress,skirt,blouse,1,5,0,0,0,0,2,0,0,0
CUST_0012,unknown,24,33,7,33,1212.3771428571429,1333.37,3,5.857142857142857,0.0,mobile,dress,blouse,skirt,1,5,0,0,0,0,1,0,0,0
CUST_0013,unknown,21,185,3,67,1080.3066666666666,1153.01,3,6.666666666666667,0.3333333333333333,mobile,blouse,dress,skirt,1,1,0,0,0,0,1,0,0,0
CUST_0014,unknown,23,243,6,41,1200.7116666666666,1333.37,3,6.0,0.16666666666666666,mobile,dress,skirt,blouse,1,3,0,0,0,0,2,0,0,0
CUST_0015,unknown,21,125,8,6,1265.915,1500.0,3,4.5,0.25,mobile,dress,blouse,skirt,2,4,0,0,0,0,2,0,0,0
CUST_0016,female,26,264,4,90,1398.545,1500.0,2,5.25,0.25,mobile,blouse,dress,unknown,2,2,0,0,0,0,0,0,0,0
CUST_0017,female,22,162,10,6,1277.205,1500.0,3,4.9,0.1,mobile,blouse,dress,skirt,6,2,0,0,0,0,2,0,0,0
CUST_0018,unknown,22,156,8,146,1243.74,1500.0,3,5.125,0.25,mobile,dress,skirt,blouse,1,5,0,0,0,0,2,0,0,0
CUST_0019,female,27,131,10,69,1291.661,1500.0,3,3.4,0.1,mobile,skirt,dress,blouse,2,3,0,0,0,0,5,0,0,0
CUST_0020,unknown,22,399,7,35,1315.5614285714287,1500.0,3,5.428571428571429,0.2857142857142857,mobile,dress,blouse,skirt,2,3,0,0,0,0,2,0,0,0
CUST_0021,female,21,123,13,26,1272.5223076923078,1447.81,3,4.769230769230769,0.07692307692307693,mobile,blouse,dress,skirt,6,5,0,0,0,0,2,0,0,0
CUST_0022,female,27,179,3,27,1217.8533333333332,1294.66,2,4.666666666666667,0.6666666666666666,mobile,blouse,skirt,unknown,2,0,0,0,0,0,1,0,0,0
CUST_0023,unknown,23,183,6,48,1211.0366666666666,1386.13,2,5.166666666666667,0.16666666666666666,mobile,skirt,dress,unknown,0,2,0,0,0,0,4,0,0,0
CUST_0024,female,26,154,11,46,1258.8127272727272,1454.15,3,5.909090909090909,0.2727272727272727,mobile,dress,skirt,blouse,3,4,0,0,0,0,4,0,0,0
CUST_0025,unknown,23,394,4,148,1218.565,1310.13,2,5.0,0.5,mobile,dress,blouse,unknown,1,3,0,0,0,0,0,0,0,0
CUST_0026,male,25,145,7,76,1250.81,1447.81,3,6.142857142857143,0.2857142857142857,mobile,dress,blouse,skirt,1,5,0,0,0,0,1,0,0,0
CUST_0027,female,19,423,6,13,1224.1266666666668,1333.37,2,4.333333333333333,0.0,mobile,dress,blouse,unknown,2,4,0,0,0,0,0,0,0,0
CUST_0028,female,25,344,1,139,1153.01,1153.01,1,8.0,0.0,mobile,skirt,unknown,unknown,0,0,0,0,0,0,1,0,0,0
CUST_0029,unknown,21,417,6,13,1313.8466666666666,1470.94,3,5.5,0.0,mobile,blouse,dress,skirt,3,2,0,0,0,0,1,0,0,0
CUST_0030,unknown,20,80,13,19,1250.6792307692308,1500.0,3,6.230769230769231,0.23076923076923078,mobile,dress,blouse,skirt,2,9,0,0,0,0,2,0,0,0
CUST_0031,female,25,154,6,76,1290.5633333333333,1500.0,3,6.0,0.3333333333333333,mobile,skirt,blouse,dress,1,1,0,0,0,0,4,0,0,0
CUST_0032,unknown,24,257,7,34,1264.032857142857,1370.82,3,5.428571428571429,0.2857142857142857,mobile,blouse,skirt,dress,4,1,0,0,0,0,2,0,0,0
CUST_0033,unknown,20,224,5,62,1322.7459999999999,1500.0,2,4.2,0.0,mobile,skirt,dress,unknown,0,1,0,0,0,0,4,0,0,0
CUST_0034,female,19,515,5,61,1317.808,1500.0,3,4.0,0.2,mobile,skirt,blouse,dress,1,1,0,0,0,0,3,0,0,0
CUST_0035,unknown,22,364,9,96,1305.7822222222223,1447.81,3,5.0,0.1111111111111111,mobile,blouse,skirt,dress,4,2,0,0,0,0,3,0,0,0
CUST_0036,female,26,65,10,27,1258.453,1500.0,3,5.2,0.3,mobile,dress,blouse,skirt,3,5,0,0,0,0,2,0,0,0
CUST_0037,male,29,218,8,55,1283.695,1500.0,3,6.375,0.25,mobile,dress,skirt,blouse,1,4,0,0,0,0,3,0,0,0
CUST_0038,unknown,22,132,8,27,1309.42,1500.0,3,5.625,0.125,desktop,blouse,skirt,dress,5,1,0,0,0,0,2,0,0,0
CUST_0039,unknown,21,311,5,33,1291.776,1447.81,3,6.4,0.4,mobile,skirt,blouse,dress,1,1,0,0,0,0,3,0,0,0
CUST_0040,female,26,37,4,34,1244.3975,1454.15,3,4.25,0.0,mobile,skirt,blouse,dress,1,1,0,0,0,0,2,0,0,0
CUST_0041,female,24,241,5,21,1242.108,1303.73,3,4.8,0.0,mobile,dress,skirt,blouse,1,2,0,0,0,0,2,0,0,0
CUST_0042,unknown,24,609,8,21,1228.9424999999999,1285.25,3,6.0,0.125,mobile,blouse,dress,skirt,4,2,0,0,0,0,2,0,0,0
CUST_0043,unknown,25,128,7,34,1228.472857142857,1340.52,3,5.142857142857143,0.14285714285714285,mobile,dress,blouse,skirt,2,4,0,0,0,0,1,0,0,0
CUST_0044,female,21,180,10,40,1220.8200000000002,1354.36,3,4.2,0.3,mobile,dress,blouse,skirt,1,8,0,0,0,0,1,0,0,0
CUST_0045,female,25,407,8,6,1243.95125,1358.17,2,7.25,0.0,mobile,blouse,dress,unknown,4,4,0,0,0,0,0,0,0,0
CUST_0046,female,25,184,6,53,1305.405,1485.13,2,4.833333333333333,0.5,desktop,blouse,dress,unknown,3,3,0,0,0,0,0,0,0,0
CUST_0047,unknown,19,155,12,39,1205.7991666666667,1447.81,3,5.416666666666667,0.16666666666666666,mobile,dress,blouse,skirt,3,7,0,0,0,0,2,0,0,0
CUST_0048,female,24,236,8,41,1251.54875,1390.9,3,5.375,0.125,mobile,dress,skirt,blouse,1,5,0,0,0,0,2,0,0,0
CUST_0049,unknown,24,117,9,55,1207.9266666666667,1395.08,3,5.666666666666667,0.1111111111111111,mobile,dress,skirt,blouse,1,5,0,0,0,0,3,0,0,0
CUST_0050,unknown,30,258,5,132,1180.6399999999999,1340.31,3,8.2,0.0,desktop,blouse,skirt,dress,2,1,0,0,0,0,2,0,0,0
CUST_0051,female,26,252,4,62,1153.6775,1345.18,2,8.0,0.0,mobile,dress,skirt,unknown,0,2,0,0,0,0,2,0,0,0
CUST_0052,unknown,24,301,13,20,1275.2307692307693,1470.94,3,5.230769230769231,0.3076923076923077,desktop,blouse,skirt,dress,5,3,0,0,0,0,5,0,0,0
CUST_0053,unknown,21,362,4,62,1142.7275,1297.35,2,5.0,0.25,mobile,skirt,blouse,unknown,1,0,0,0,0,0,3,0,0,0
CUST_0054,male,23,179,7,20,1269.8585714285714,1362.76,3,5.571428571428571,0.14285714285714285,mobile,dress,blouse,skirt,2,4,0,0,0,0,1,0,0,0
CUST_0055,unknown,22,561,4,34,1134.925,1187.61,2,4.25,0.0,desktop,skirt,dress,unknown,0,1,0,0,0,0,3,0,0,0
CUST_0056,female,23,213,6,55,1246.4833333333333,1358.17,3,5.333333333333333,0.16666666666666666,mobile,blouse,skirt,dress,3,1,0,0,0,0,2,0,0,0
CUST_0057,female,29,262,12,27,1200.1125,1370.82,3,6.0,0.08333333333333333,mobile,skirt,dress,blouse,3,4,0,0,0,0,5,0,0,0
CUST_0058,unknown,24,60,8,34,1177.94875,1331.48,3,5.5,0.125,mobile,dress,skirt,blouse,1,4,0,0,0,0,3,0,0,0
CUST_0059,unknown,21,157,8,20,1297.62625,1500.0,3,5.375,0.375,mobile,dress,blouse,skirt,2,4,0,0,0,0,2,0,0,0
CUST_0060,female,23,350,4,44,1213.6675,1331.48,2,4.25,0.0,mobile,dress,skirt,unknown,0,3,0,0,0,0,1,0,0,0
CUST_0061,unknown,23,169,5,22,1237.522,1297.35,3,5.0,0.4,mobile,skirt,blouse,dress,1,1,0,0,0,0,3,0,0,0
CUST_0062,male,28,290,8,69,1306.93875,1500.0,3,5.125,0.375,mobile,dress,blouse,skirt,2,4,0,0,0,0,2,0,0,0
CUST_0063,unknown,24,168,6,27,1314.0816666666667,1500.0,3,5.0,0.0,mobile,blouse,dress,skirt,3,2,0,0,0,0,1,0,0,0
CUST_0064,female,25,173,6,63,1276.8566666666666,1500.0,2,6.166666666666667,0.16666666666666666,mobile,dress,skirt,unknown,0,3,0,0,0,0,3,0,0,0
CUST_0065,male,18,273,11,41,1226.9372727272728,1390.9,3,5.7272727272727275,0.18181818181818182,mobile,dress,skirt,blouse,3,4,0,0,0,0,4,0,0,0
CUST_0066,female,27,424,7,19,1236.68,1500.0,3,5.857142857142857,0.0,mobile,blouse,dress,skirt,3,3,0,0,0,0,1,0,0,0
CUST_0067,unknown,24,91,8,18,1217.1125,1354.36,3,5.125,0.375,mobile,blouse,dress,skirt,4,3,0,0,0,0,1,0,0,0
CUST_0068,unknown,18,41,9,41,1155.5655555555556,1358.17,3,5.333333333333333,0.0,mobile,blouse,dress,skirt,4,4,0,0,0,0,1,0,0,0
CUST_0069,unknown,18,31,12,27,1291.2508333333333,1454.15,3,5.75,0.25,mobile,blouse,dress,skirt,5,5,0,0,0,0,2,0,0,0
CUST_0070,unknown,23,43,8,40,1238.94,1454.15,3,5.25,0.125,mobile,skirt,dress,blouse,1,3,0,0,0,0,4,0,0,0
CUST_0071,female,26,188,6,41,1222.475,1325.62,2,5.0,0.0,mobile,dress,skirt,unknown,0,3,0,0,0,0,3,0,0,0
CUST_0072,female,22,164,8,67,1221.46,1390.9,3,4.5,0.0,mobile,dress,blouse,skirt,2,5,0,0,0,0,1,0,0,0
CUST_0073,male,20,227,2,111,1162.4250000000002,1222.38,2,9.5,0.5,mobile,dress,skirt,unknown,0,1,0,0,0,0,1,0,0,0
CUST_0074,unknown,24,219,11,13,1269.2927272727272,1470.94,3,6.0,0.09090909090909091,mobile,skirt,blouse,dress,3,2,0,0,0,0,6,0,0,0
CUST_0075,female,29,317,7,55,1197.4842857142855,1319.54,2,6.142857142857143,0.2857142857142857,mobile,dress,blouse,unknown,2,5,0,0,0,0,0,0,0,0
CUST_0076,unknown,21,8,5,6,1234.964,1387.37,3,5.4,0.2,mobile,dress,blouse,skirt,1,3,0,0,0,0,1,0,0,0
CUST_0077,male,20,317,6,12,1252.8583333333333,1500.0,2,5.833333333333333,0.0,mobile,dress,blouse,unknown,2,4,0,0,0,0,0,0,0,0
CUST_0078,female,26,189,5,80,1198.5880000000002,1274.94,3,6.2,0.2,mobile,dress,skirt,blouse,1,2,0,0,0,0,2,0,0,0
CUST_0079,female,26,84,5,34,1256.6799999999998,1340.31,2,6.2,0.0,mobile,blouse,dress,unknown,4,1,0,0,0,0,0,0,0,0
CUST_0080,female,26,190,6,39,1247.2250000000001,1294.66,3,5.5,0.16666666666666666,mobile,blouse,skirt,dress,3,1,0,0,0,0,2,0,0,0
CUST_0081,female,25,279,6,10,1224.3716666666667,1395.08,2,6.333333333333333,0.3333333333333333,mobile,dress,blouse,unknown,2,4,0,0,0,0,0,0,0,0
CUST_0082,unknown,21,426,3,157,1164.58,1217.54,2,7.0,0.0,mobile,skirt,dress,unknown,0,1,0,0,0,0,2,0,0,0
CUST_0083,female,23,104,5,35,1145.79,1319.54,2,4.6,0.6,mobile,dress,blouse,unknown,2,3,0,0,0,0,0,0,0,0
CUST_0084,female,22,67,5,4,1247.21,1354.36,2,5.4,0.2,mobile,dress,blouse,unknown,2,3,0,0,0,0,0,0,0,0
CUST_0085,unknown,26,330,4,60,1203.1325000000002,1314.16,2,5.25,0.0,mobile,dress,skirt,unknown,0,3,0,0,0,0,1,0,0,0
CUST_0086,female,23,365,4,153,1162.365,1197.3,3,5.25,0.25,mobile,dress,blouse,skirt,1,2,0,0,0,0,1,0,0,0
CUST_0087,female,18,145,7,41,1212.6399999999999,1345.18,3,5.142857142857143,0.2857142857142857,mobile,dress,blouse,skirt,2,3,0,0,0,0,2,0,0,0
CUST_0088,female,29,441,5,12,1215.202,1386.13,2,4.8,0.2,mobile,skirt,dress,unknown,0,2,0,0,0,0,3,0,0,0
CUST_0089,female,24,50,9,48,1208.78,1367.76,3,4.666666666666667,0.1111111111111111,mobile,blouse,dress,skirt,4,3,0,0,0,0,2,0,0,0
CUST_0090,female,27,288,7,34,1203.4428571428573,1454.15,3,5.142857142857143,0.2857142857142857,mobile,dress,blouse,skirt,2,3,0,0,0,0,2,0,0,0
CUST_0091,female,28,196,10,6,1279.321,1500.0,3,5.0,0.0,mobile,dress,blouse,skirt,3,6,0,0,0,0,1,0,0,0
CUST_0092,female,21,360,11,4,1244.8654545454547,1447.81,3,4.636363636363637,0.09090909090909091,mobile,blouse,dress,skirt,5,3,0,0,0,0,3,0,0,0
CUST_0093,unknown,20,315,6,97,1316.8916666666667,1500.0,2,3.5,0.16666666666666666,mobile,dress,skirt,unknown,0,3,0,0,0,0,3,0,0,0
CUST_0094,female,30,461,5,83,1245.684,1390.9,3,4.8,0.0,mobile,blouse,dress,skirt,3,1,0,0,0,0,1,0,0,0
CUST_0095,unknown,22,109,7,48,1190.1242857142856,1500.0,3,4.0,0.2857142857142857,mobile,skirt,blouse,dress,2,2,0,0,0,0,3,0,0,0
CUST_0096,unknown,20,106,10,83,1261.1039999999998,1500.0,2,5.4,0.2,mobile,blouse,skirt,unknown,8,0,0,0,0,0,2,0,0,0
CUST_0097,female,23,203,7,90,1209.5042857142857,1319.54,3,5.857142857142857,0.42857142857142855,mobile,dress,blouse,skirt,1,5,0,0,0,0,1,0,0,0
CUST_0098,female,26,468,10,19,1245.9969999999998,1485.13,3,7.3,0.3,mobile,dress,blouse,skirt,3,4,0,0,0,0,3,0,0,0
CUST_0099,male,27,24,10,20,1233.4850000000001,1367.76,3,4.7,0.3,mobile,dress,blouse,skirt,3,5,0,0,0,0,2,0,0,0
CUST_0100,female,21,665,6,34,1222.1783333333333,1500.0,3,3.5,0.0,mobile,blouse,dress,skirt,4,1,0,0,0,0,1,0,0,0
CUST_0101,unknown,22,449,7,59,1296.7728571428572,1353.99,3,4.857142857142857,0.14285714285714285,mobile,blouse,dress,skirt,4,2,0,0,0,0,1,0,0,0
CUST_0102,unknown,22,86,7,27,1263.097142857143,1447.81,3,5.428571428571429,0.14285714285714285,mobile,blouse,dress,skirt,4,2,0,0,0,0,1,0,0,0
CUST_0103,unknown,21,310,15,34,1227.916,1454.15,3,5.133333333333334,0.2,mobile,dress,blouse,skirt,4,7,0,0,0,0,4,0,0,0
CUST_0104,unknown,22,298,8,6,1263.81125,1470.94,2,5.75,0.25,desktop,blouse,skirt,unknown,6,0,0,0,0,0,2,0,0,0
CUST_0105,female,25,117,4,76,1179.4375,1325.62,2,6.75,0.25,mobile,dress,skirt,unknown,0,2,0,0,0,0,2,0,0,0
CUST_0106,unknown,24,119,4,68,1300.0275000000001,1500.0,2,4.5,0.25,mobile,dress,skirt,unknown,0,2,0,0,0,0,2,0,0,0
CUST_0107,female,27,588,5,25,1298.0439999999999,1500.0,3,3.8,0.0,mobile,dress,skirt,blouse,1,2,0,0,0,0,2,0,0,0
CUST_0108,unknown,22,197,5,13,1239.924,1290.03,3,4.8,0.0,mobile,dress,blouse,skirt,1,3,0,0,0,0,1,0,0,0
CUST_0109,female,25,170,14,46,1258.1421428571427,1500.0,3,5.285714285714286,0.5,mobile,dress,skirt,blouse,4,5,0,0,0,0,5,0,0,0
CUST_0110,unknown,20,236,6,41,1303.2966666666666,1485.13,2,6.5,0.0,mobile,dress,blouse,unknown,2,4,0,0,0,0,0,0,0,0
CUST_0111,male,27,212,11,19,1224.5836363636363,1500.0,3,4.818181818181818,0.09090909090909091,mobile,skirt,dress,blouse,2,3,0,0,0,0,6,0,0,0
CUST_0112,female,24,143,12,6,1265.01,1470.94,3,5.416666666666667,0.08333333333333333,mobile,dress,skirt,blouse,2,7,0,0,0,0,3,0,0,0
CUST_0113,female,25,75,9,42,1253.3522222222223,1367.76,3,4.555555555555555,0.0,mobile,blouse,skirt,dress,4,2,0,0,0,0,3,0,0,0
CUST_0114,female,25,352,2,97,1215.9299999999998,1340.52,2,9.5,0.0,mobile,blouse,skirt,unknown,1,0,0,0,0,0,1,0,0,0
CUST_0115,unknown,18,164,10,64,1245.5610000000001,1362.76,3,6.6,0.1,mobile,dress,skirt,blouse,2,5,0,0,0,0,3,0,0,0
CUST_0116,female,24,405,6,174,1177.8,1333.37,3,6.666666666666667,0.0,mobile,dress,blouse,skirt,2,3,0,0,0,0,1,0,0,0
CUST_0117,female,21,194,6,39,1159.04,1297.35,3,6.0,0.0,mobile,blouse,dress,skirt,4,1,0,0,0,0,1,0,0,0
CUST_0118,female,22,321,10,60,1245.856,1386.13,3,5.7,0.2,mobile,skirt,blouse,dress,3,2,0,0,0,0,5,0,0,0
CUST_0119,unknown,27,188,5,69,1328.6960000000001,1500.0,3,6.0,0.0,mobile,dress,skirt,blouse,1,2,0,0,0,0,2,0,0,0
CUST_0120,female,26,222,7,54,1265.2157142857143,1485.13,3,4.857142857142857,0.14285714285714285,mobile,dress,skirt,blouse,1,3,0,0,0,0,3,0,0,0
CUST_0121,unknown,20,311,7,72,1263.2942857142857,1386.13,3,5.857142857142857,0.14285714285714285,mobile,skirt,blouse,dress,2,2,0,0,0,0,3,0,0,0
CUST_0122,unknown,22,164,9,6,1215.3422222222223,1454.15,3,5.222222222222222,0.3333333333333333,mobile,dress,skirt,blouse,2,4,0,0,0,0,3,0,0,0
CUST_0123,female,27,337,9,41,1223.6888888888889,1390.9,3,5.888888888888889,0.4444444444444444,mobile,skirt,dress,blouse,2,3,0,0,0,0,4,0,0,0
CUST_0124,female,28,360,11,6,1313.5245454545454,1500.0,3,5.090909090909091,0.2727272727272727,mobile,blouse,dress,skirt,5,3,0,0,0,0,3,0,0,0
CUST_0125,unknown,22,34,4,34,1274.615,1304.83,2,4.5,0.5,mobile,blouse,dress,unknown,2,2,0,0,0,0,0,0,0,0
CUST_0126,female,25,425,2,120,1485.47,1500.0,2,6.5,0.5,mobile,dress,skirt,unknown,0,1,0,0,0,0,1,0,0,0
CUST_0127,female,18,432,6,6,1292.035,1500.0,3,5.5,0.16666666666666666,mobile,dress,skirt,blouse,1,3,0,0,0,0,2,0,0,0
CUST_0128,female,19,394,5,87,1274.66,1500.0,3,5.6,0.2,mobile,skirt,blouse,dress,1,1,0,0,0,0,3,0,0,0
CUST_0129,female,24,77,6,62,1158.8866666666665,1255.98,3,5.5,0.16666666666666666,mobile,dress,skirt,blouse,1,3,0,0,0,0,2,0,0,0
CUST_0130,unknown,23,110,12,6,1220.2958333333333,1387.37,3,4.75,0.5,mobile,blouse,dress,skirt,4,4,0,0,0,0,4,0,0,0
CUST_0131,unknown,21,169,12,13,1292.0866666666668,1500.0,3,7.75,0.16666666666666666,mobile,blouse,dress,skirt,6,5,0,0,0,0,1,0,0,0
CUST_0132,unknown,24,209,5,65,1157.56,1284.79,2,6.8,0.0,mobile,skirt,dress,unknown,0,1,0,0,0,0,4,0,0,0
CUST_0133,unknown,24,208,5,90,1208.172,1340.52,3,4.6,0.0,mobile,skirt,blouse,dress,1,1,0,0,0,0,3,0,0,0
CUST_0134,female,24,328,11,63,1243.8627272727272,1447.81,3,7.2727272727272725,0.18181818181818182,mobile,dress,skirt,blouse,2,6,0,0,0,0,3,0,0,0
CUST_0135,female,27,276,3,55,1249.4633333333334,1310.13,3,6.0,0.3333333333333333,desktop,blouse,dress,skirt,1,1,0,0,0,0,1,0,0,0
CUST_0136,female,26,403,8,55,1223.655,1331.48,2,3.875,0.125,mobile,dress,skirt,unknown,0,4,0,0,0,0,4,0,0,0
CUST_0137,unknown,24,244,9,62,1231.78,1367.76,3,6.555555555555555,0.1111111111111111,mobile,dress,skirt,blouse,2,4,0,0,0,0,3,0,0,0
CUST_0138,female,27,344,7,55,1178.8814285714286,1274.94,3,6.714285714285714,0.42857142857142855,mobile,blouse,dress,skirt,3,2,0,0,0,0,2,0,0,0
CUST_0139,male,27,353,10,32,1285.8020000000001,1500.0,3,4.5,0.2,mobile,skirt,blouse,dress,3,1,0,0,0,0,6,0,0,0
CUST_0140,female,26,283,7,69,1218.5257142857142,1345.18,3,5.0,0.0,mobile,dress,blouse,skirt,1,5,0,0,0,0,1,0,0,0
CUST_0141,male,26,209,5,48,1220.42,1285.25,3,5.0,0.2,mobile,blouse,dress,skirt,2,2,0,0,0,0,1,0,0,0
CUST_0142,male,27,319,5,68,1219.154,1367.76,3,6.2,0.0,mobile,blouse,dress,skirt,2,2,0,0,0,0,1,0,0,0
CUST_0143,male,27,191,6,62,1278.8433333333335,1470.94,3,4.666666666666667,0.3333333333333333,mobile,dress,blouse,skirt,2,3,0,0,0,0,1,0,0,0
CUST_0144,female,24,76,13,47,1252.7223076923076,1500.0,3,5.0,0.07692307692307693,mobile,blouse,dress,skirt,5,4,0,0,0,0,4,0,0,0
CUST_0145,female,20,180,3,53,1335.3033333333333,1454.15,2,5.333333333333333,0.3333333333333333,mobile,skirt,blouse,unknown,1,0,0,0,0,0,2,0,0,0
CUST_0146,unknown,21,407,8,6,1263.49,1447.81,3,6.75,0.0,mobile,dress,blouse,skirt,2,5,0,0,0,0,1,0,0,0
CUST_0147,female,28,526,7,35,1220.76,1387.37,3,7.428571428571429,0.2857142857142857,mobile,dress,skirt,blouse,1,4,0,0,0,0,2,0,0,0
CUST_0148,male,29,71,5,5,1200.6779999999999,1297.35,2,6.2,0.0,mobile,dress,blouse,unknown,2,3,0,0,0,0,0,0,0,0
CUST_0149,female,26,310,8,34,1232.64375,1340.68,3,5.75,0.375,mobile,blouse,skirt,dress,3,2,0,0,0,0,3,0,0,0
CUST_0150,female,28,286,5,54,1286.926,1500.0,2,6.6,0.2,mobile,dress,blouse,unknown,2,3,0,0,0,0,0,0,0,0
CUST_0151,unknown,24,96,14,27,1286.84,1470.94,3,4.5,0.35714285714285715,mobile,dress,skirt,blouse,3,6,0,0,0,0,5,0,0,0
CUST_0152,male,24,542,7,27,1235.9642857142858,1340.52,3,5.571428571428571,0.2857142857142857,desktop,dress,skirt,blouse,1,4,0,0,0,0,2,0,0,0
CUST_0153,female,25,555,4,33,1291.73,1362.76,3,6.0,0.0,mobile,blouse,dress,skirt,2,1,0,0,0,0,1,0,0,0
CUST_0154,unknown,22,149,5,76,1277.922,1333.37,2,5.4,0.2,mobile,dress,blouse,unknown,1,4,0,0,0,0,0,0,0,0
CUST_0155,unknown,22,232,2,160,1185.745,1211.16,2,5.0,0.5,mobile,blouse,skirt,unknown,1,0,0,0,0,0,1,0,0,0
CUST_0156,unknown,20,62,7,6,1240.52,1395.08,3,6.0,0.42857142857142855,mobile,dress,skirt,blouse,1,4,0,0,0,0,2,0,0,0
CUST_0157,male,25,305,14,1,1284.2035714285714,1454.15,3,5.571428571428571,0.14285714285714285,mobile,skirt,dress,blouse,2,5,0,0,0,0,7,0,0,0
CUST_0158,female,26,470,8,27,1315.92625,1390.9,3,4.5,0.25,mobile,blouse,dress,skirt,3,3,0,0,0,0,2,0,0,0
CUST_0159,female,25,361,8,38,1255.57375,1447.81,3,4.375,0.25,mobile,blouse,dress,skirt,3,3,0,0,0,0,2,0,0,0
CUST_0160,female,28,193,5,7,1207.686,1270.81,3,5.2,0.4,mobile,blouse,dress,skirt,3,1,0,0,0,0,1,0,0,0
CUST_0161,unknown,24,384,4,6,1195.3899999999999,1386.13,2,7.25,0.5,desktop,skirt,blouse,unknown,1,0,0,0,0,0,3,0,0,0
CUST_0162,unknown,27,258,8,41,1294.125,1500.0,3,6.875,0.125,mobile,dress,blouse,skirt,3,4,0,0,0,0,1,0,0,0
CUST_0163,unknown,19,295,12,20,1275.3833333333334,1500.0,3,5.5,0.25,mobile,dress,blouse,skirt,4,6,0,0,0,0,2,0,0,0
CUST_0164,female,26,354,3,83,1316.58,1370.82,2,6.0,0.3333333333333333,mobile,skirt,blouse,unknown,1,0,0,0,0,0,2,0,0,0
CUST_0165,female,24,312,4,55,1221.4325,1285.25,2,6.25,0.5,desktop,dress,skirt,unknown,0,3,0,0,0,0,1,0,0,0
CUST_0166,unknown,23,290,3,41,1308.8933333333334,1386.13,2,7.333333333333333,0.3333333333333333,mobile,blouse,skirt,unknown,2,0,0,0,0,0,1,0,0,0
CUST_0167,unknown,24,202,7,6,1201.3442857142857,1387.37,2,5.857142857142857,0.14285714285714285,mobile,dress,skirt,unknown,0,5,0,0,0,0,2,0,0,0
CUST_0168,unknown,19,85,7,55,1202.337142857143,1303.73,3,5.285714285714286,0.0,mobile,dress,blouse,skirt,2,3,0,0,0,0,2,0,0,0
CUST_0169,unknown,24,534,10,27,1273.501,1470.94,3,4.6,0.5,mobile,blouse,dress,skirt,4,3,0,0,0,0,3,0,0,0
CUST_0170,unknown,24,224,7,36,1249.6685714285716,1395.08,3,4.142857142857143,0.14285714285714285,mobile,dress,blouse,skirt,2,3,0,0,0,0,2,0,0,0
CUST_0171,unknown,24,201,4,27,1202.7925,1329.66,1,5.0,0.25,mobile,skirt,unknown,unknown,0,0,0,0,0,0,4,0,0,0
CUST_0172,female,25,481,7,34,1279.82,1454.15,2,5.857142857142857,0.14285714285714285,mobile,skirt,dress,unknown,0,3,0,0,0,0,4,0,0,0
CUST_0173,female,23,224,7,20,1277.5842857142857,1500.0,3,4.428571428571429,0.14285714285714285,mobile,dress,skirt,blouse,1,4,0,0,0,0,2,0,0,0
CUST_0174,female,26,236,7,33,1293.8942857142858,1485.13,3,5.142857142857143,0.2857142857142857,mobile,dress,skirt,blouse,1,3,0,0,0,0,3,0,0,0
CUST_0175,unknown,24,208,6,20,1189.865,1331.48,3,4.833333333333333,0.0,desktop,blouse,dress,skirt,2,2,0,0,0,0,2,0,0,0
CUST_0176,unknown,25,336,8,34,1283.6075,1358.17,2,6.375,0.25,mobile,blouse,skirt,unknown,6,0,0,0,0,0,2,0,0,0
CUST_0177,female,27,90,6,27,1262.59,1454.15,2,7.166666666666667,0.16666666666666666,mobile,dress,skirt,unknown,0,5,0,0,0,0,1,0,0,0
CUST_0178,unknown,26,139,7,19,1297.767142857143,1390.9,3,4.857142857142857,0.2857142857142857,mobile,blouse,skirt,dress,4,1,0,0,0,0,2,0,0,0
CUST_0179,female,25,117,8,9,1242.47125,1390.9,2,6.0,0.0,mobile,blouse,dress,unknown,4,4,0,0,0,0,0,0,0,0
CUST_0180,unknown,18,132,8,27,1310.5025,1500.0,2,5.25,0.375,mobile,dress,blouse,unknown,2,6,0,0,0,0,0,0,0,0
CUST_0181,unknown,19,348,6,111,1242.9033333333334,1386.13,3,6.166666666666667,0.5,mobile,skirt,blouse,dress,2,1,0,0,0,0,3,0,0,0
CUST_0182,unknown,21,257,7,23,1279.304285714286,1500.0,3,5.142857142857143,0.14285714285714285,mobile,skirt,blouse,dress,2,2,0,0,0,0,3,0,0,0
CUST_0183,unknown,22,189,9,6,1271.961111111111,1500.0,3,5.222222222222222,0.1111111111111111,mobile,dress,blouse,skirt,2,5,0,0,0,0,2,0,0,0
CUST_0184,unknown,24,217,1,139,1270.91,1270.91,1,5.0,0.0,mobile,dress,unknown,unknown,0,1,0,0,0,0,0,0,0,0
CUST_0185,male,22,108,17,13,1260.29,1500.0,2,5.117647058823529,0.23529411764705882,mobile,dress,blouse,unknown,6,11,0,0,0,0,0,0,0,0
CUST_0186,unknown,20,341,8,42,1211.48,1485.13,3,4.875,0.25,mobile,dress,skirt,blouse,1,5,0,0,0,0,2,0,0,0
CUST_0187,female,30,170,5,39,1204.558,1353.99,3,6.4,0.4,mobile,dress,skirt,blouse,1,2,0,0,0,0,2,0,0,0
CUST_0188,unknown,27,72,10,37,1228.445,1447.81,3,5.2,0.4,mobile,blouse,dress,skirt,6,3,0,0,0,0,1,0,0,0
CUST_0189,female,25,220,10,27,1272.175,1390.9,3,4.1,0.5,mobile,blouse,dress,skirt,4,4,0,0,0,0,2,0,0,0
CUST_0190,unknown,22,378,7,18,1262.212857142857,1314.16,3,3.7142857142857144,0.2857142857142857,mobile,dress,blouse,skirt,2,4,0,0,0,0,1,0,0,0
CUST_0191,male,26,170,9,48,1166.1933333333334,1387.37,3,6.0,0.1111111111111111,mobile,dress,skirt,blouse,2,4,0,0,0,0,3,0,0,0
CUST_0192,female,25,295,10,61,1273.0819999999999,1395.08,3,6.3,0.2,desktop,dress,blouse,skirt,4,5,0,0,0,0,1,0,0,0
CUST_0193,unknown,22,281,7,20,1240.6485714285716,1325.62,2,5.428571428571429,0.14285714285714285,mobile,dress,blouse,unknown,2,5,0,0,0,0,0,0,0,0
CUST_0194,unknown,30,218,6,27,1287.8516666666667,1338.01,3,4.0,0.16666666666666666,mobile,skirt,blouse,dress,2,1,0,0,0,0,3,0,0,0
CUST_0195,male,30,112,6,37,1245.4266666666665,1395.08,3,6.666666666666667,0.16666666666666666,desktop,blouse,dress,skirt,2,2,0,0,0,0,2,0,0,0
CUST_0196,unknown,20,540,8,40,1213.895,1500.0,3,5.75,0.125,mobile,dress,skirt,blouse,1,4,0,0,0,0,3,0,0,0
CUST_0197,female,22,426,4,39,1230.8025,1500.0,2,6.25,0.25,mobile,blouse,skirt,unknown,2,0,0,0,0,0,2,0,0,0
CUST_0198,unknown,22,118,6,34,1230.4066666666668,1329.66,3,5.333333333333333,0.16666666666666666,mobile,dress,skirt,blouse,1,3,0,0,0,0,2,0,0,0
CUST_0199,female,27,407,7,10,1233.8842857142856,1500.0,2,5.571428571428571,0.14285714285714285,mobile,dress,skirt,unknown,0,6,0,0,0,0,1,0,0,0
CUST_0200,unknown,24,229,4,62,1344.2375,1447.81,2,5.5,0.25,mobile,dress,blouse,unknown,1,3,0,0,0,0,0,0,0,0
CUST_0201,unknown,20,298,6,39,1285.28,1386.13,3,5.666666666666667,0.16666666666666666,mobile,skirt,blouse,dress,2,1,0,0,0,0,3,0,0,0
CUST_0202,unknown,20,64,8,48,1231.105,1500.0,3,6.75,0.125,mobile,blouse,dress,skirt,5,2,0,0,0,0,1,0,0,0
CUST_0203,unknown,19,346,6,62,1297.9233333333334,1485.13,2,5.666666666666667,0.0,mobile,dress,skirt,unknown,0,3,0,0,0,0,3,0,0,0
CUST_0204,male,21,173,9,28,1272.9911111111112,1500.0,2,5.444444444444445,0.3333333333333333,mobile,dress,skirt,unknown,0,7,0,0,0,0,2,0,0,0
CUST_0205,female,21,89,9,6,1259.3022222222223,1454.15,3,6.444444444444445,0.4444444444444444,mobile,blouse,dress,skirt,6,2,0,0,0,0,1,0,0,0
CUST_0206,unknown,20,200,8,6,1174.5325,1340.68,2,5.375,0.125,mobile,blouse,dress,unknown,4,4,0,0,0,0,0,0,0,0
CUST_0207,female,26,111,5,29,1245.714,1386.13,3,5.4,0.0,desktop,skirt,blouse,dress,1,1,0,0,0,0,3,0,0,0
CUST_0208,female,26,93,7,55,1258.3714285714286,1500.0,3,6.571428571428571,0.14285714285714285,mobile,dress,blouse,skirt,2,4,0,0,0,0,1,0,0,0
CUST_0209,unknown,21,337,8,41,1269.2425,1500.0,3,5.25,0.125,mobile,dress,blouse,skirt,3,4,0,0,0,0,1,0,0,0
CUST_0210,unknown,21,214,9,19,1234.9677777777777,1362.76,3,5.111111111111111,0.4444444444444444,mobile,dress,blouse,skirt,2,5,0,0,0,0,2,0,0,0
CUST_0211,female,26,399,6,60,1210.8416666666665,1319.54,3,5.833333333333333,0.16666666666666666,mobile,blouse,dress,skirt,2,2,0,0,0,0,2,0,0,0
CUST_0212,male,24,264,9,48,1237.2566666666667,1447.81,3,5.777777777777778,0.2222222222222222,mobile,dress,skirt,blouse,2,4,0,0,0,0,3,0,0,0
CUST_0213,unknown,23,126,6,27,1264.1533333333334,1500.0,3,4.833333333333333,0.16666666666666666,mobile,blouse,dress,skirt,4,1,0,0,0,0,1,0,0,0
CUST_0214,unknown,27,77,7,13,1362.4271428571428,1500.0,2,5.571428571428571,0.14285714285714285,mobile,skirt,dress,unknown,0,3,0,0,0,0,4,0,0,0
CUST_0215,unknown,24,395,6,12,1216.1333333333334,1387.37,3,6.5,0.0,mobile,dress,blouse,skirt,2,3,0,0,0,0,1,0,0,0
CUST_0216,male,27,329,7,27,1283.6028571428574,1500.0,3,4.857142857142857,0.2857142857142857,mobile,dress,blouse,skirt,2,4,0,0,0,0,1,0,0,0
CUST_0217,female,28,53,8,13,1232.93875,1362.76,3,7.125,0.0,mobile,dress,blouse,skirt,1,6,0,0,0,0,1,0,0,0
CUST_0218,female,25,19,7,19,1261.902857142857,1331.48,3,5.285714285714286,0.14285714285714285,mobile,skirt,dress,blouse,1,2,0,0,0,0,4,0,0,0
CUST_0219,female,23,193,6,32,1179.71,1386.13,3,6.833333333333333,0.16666666666666666,mobile,skirt,dress,blouse,1,2,0,0,0,0,3,0,0,0
CUST_0220,unknown,22,442,3,83,1258.7700000000002,1470.94,2,6.333333333333333,0.3333333333333333,mobile,skirt,blouse,unknown,1,0,0,0,0,0,2,0,0,0
CUST_0221,male,23,245,9,41,1198.9533333333334,1329.66,3,4.222222222222222,0.2222222222222222,mobile,blouse,dress,skirt,3,3,0,0,0,0,3,0,0,0
CUST_0222,unknown,23,74,8,41,1297.2350000000001,1485.13,3,5.5,0.25,mobile,dress,blouse,skirt,2,5,0,0,0,0,1,0,0,0
CUST_0223,male,27,182,3,134,1365.1533333333334,1454.15,2,4.0,0.6666666666666666,mobile,dress,skirt,unknown,0,2,0,0,0,0,1,0,0,0
CUST_0224,female,23,186,9,83,1242.8666666666666,1500.0,3,6.333333333333333,0.4444444444444444,mobile,dress,skirt,blouse,1,4,0,0,0,0,4,0,0,0
CUST_0225,unknown,28,153,8,75,1224.72625,1454.15,3,6.125,0.125,mobile,skirt,blouse,dress,1,1,0,0,0,0,6,0,0,0
CUST_0226,female,24,263,5,4,1218.808,1395.08,3,6.6,0.2,mobile,blouse,dress,skirt,2,2,0,0,0,0,1,0,0,0
CUST_0227,unknown,20,305,10,25,1266.565,1485.13,3,5.9,0.1,mobile,dress,blouse,skirt,4,5,0,0,0,0,1,0,0,0
CUST_0228,female,25,103,7,34,1261.0414285714285,1353.99,3,3.2857142857142856,0.2857142857142857,mobile,dress,blouse,skirt,2,4,0,0,0,0,1,0,0,0
CUST_0229,unknown,24,286,8,76,1211.7962499999999,1340.68,3,6.0,0.0,mobile,skirt,blouse,dress,3,1,0,0,0,0,4,0,0,0
CUST_0230,male,22,380,7,48,1267.2,1485.13,3,5.714285714285714,0.2857142857142857,mobile,dress,blouse,skirt,2,4,0,0,0,0,1,0,0,0
CUST_0231,unknown,24,87,3,19,1226.6,1325.62,2,4.333333333333333,0.0,mobile,dress,skirt,unknown,0,2,0,0,0,0,1,0,0,0
CUST_0232,unknown,18,277,7,35,1259.7014285714286,1485.13,2,4.714285714285714,0.14285714285714285,mobile,dress,skirt,unknown,0,6,0,0,0,0,1,0,0,0
CUST_0233,female,25,486,5,40,1206.6399999999999,1331.48,3,5.0,0.2,mobile,skirt,blouse,dress,1,1,0,0,0,0,3,0,0,0
CUST_0234,unknown,18,103,12,13,1230.4383333333333,1447.81,3,5.583333333333333,0.08333333333333333,mobile,dress,blouse,skirt,4,5,0,0,0,0,3,0,0,0
CUST_0235,unknown,22,252,2,52,1269.9,1485.13,2,7.0,0.5,desktop,dress,skirt,unknown,0,1,0,0,0,0,1,0,0,0
CUST_0236,unknown,22,239,7,69,1226.707142857143,1314.16,2,5.142857142857143,0.14285714285714285,mobile,dress,skirt,unknown,0,5,0,0,0,0,2,0,0,0
CUST_0237,male,26,362,9,51,1201.2977777777778,1297.35,3,5.777777777777778,0.2222222222222222,mobile,dress,blouse,skirt,3,4,0,0,0,0,2,0,0,0
CUST_0238,unknown,21,271,8,62,1206.47375,1370.82,3,6.125,0.5,mobile,dress,skirt,blouse,1,5,0,0,0,0,2,0,0,0
CUST_0239,female,18,378,4,71,1261.425,1329.66,3,6.0,0.25,mobile,skirt,blouse,dress,1,1,0,0,0,0,2,0,0,0
CUST_0240,female,29,298,5,75,1301.02,1386.13,3,5.0,0.2,mobile,blouse,dress,skirt,2,2,0,0,0,0,1,0,0,0
CUST_0241,female,51,226,2,193,1109.945,1187.85,2,3.5,0.5,mobile,jacket,jeans,unknown,0,0,1,1,0,0,0,0,0,0
CUST_0242,female,49,282,7,61,1288.4614285714285,1437.07,3,5.428571428571429,0.2857142857142857,desktop,jacket,shoes,jeans,0,0,3,1,0,3,0,0,0,0
CUST_0243,male,44,377,12,61,1286.0941666666665,1500.0,2,4.916666666666667,0.08333333333333333,desktop,jacket,jeans,unknown,0,0,7,5,0,0,0,0,0,0
CUST_0244,male,53,302,4,54,1247.3125,1397.64,3,5.0,0.25,desktop,jacket,jeans,shoes,0,0,2,1,0,1,0,0,0,0
CUST_0245,male,46,325,3,222,1200.14,1215.81,2,7.0,0.3333333333333333,desktop,jeans,shoes,unknown,0,0,0,2,0,1,0,0,0,0
CUST_0246,female,46,175,14,64,1295.9071428571428,1446.99,3,4.5,0.2857142857142857,desktop,jeans,shoes,jacket,0,0,3,6,0,5,0,0,0,0
CUST_0247,female,45,108,9,48,1258.9622222222222,1415.54,3,4.777777777777778,0.2222222222222222,desktop,shoes,jacket,jeans,0,0,2,2,0,5,0,0,0,0
CUST_0248,male,49,458,7,53,1259.7842857142857,1457.47,3,5.428571428571429,0.0,mobile,jacket,shoes,jeans,0,0,3,1,0,3,0,0,0,0
CUST_0249,female,53,501,3,173,1149.1066666666666,1213.29,3,8.333333333333334,0.6666666666666666,desktop,jacket,jeans,shoes,0,0,1,1,0,1,0,0,0,0
CUST_0250,male,40,200,13,68,1221.436153846154,1359.41,3,5.6923076923076925,0.23076923076923078,desktop,shoes,jacket,jeans,0,0,4,3,0,6,0,0,0,0
CUST_0251,male,60,382,12,72,1315.8408333333334,1500.0,3,5.833333333333333,0.3333333333333333,desktop,jacket,shoes,jeans,0,0,7,2,0,3,0,0,0,0
CUST_0252,male,47,481,6,201,1217.47,1264.0,3,5.0,0.3333333333333333,desktop,shoes,jacket,jeans,0,0,2,1,0,3,0,0,0,0
CUST_0253,male,46,117,10,117,1281.987,1387.13,3,4.7,0.5,desktop,shoes,jacket,jeans,0,0,3,1,0,6,0,0,0,0
CUST_0254,female,52,300,13,61,1290.7253846153847,1449.44,3,5.461538461538462,0.3076923076923077,desktop,jeans,shoes,jacket,0,0,3,6,0,4,0,0,0,0
CUST_0255,female,41,186,8,61,1276.165,1397.64,3,5.875,0.125,desktop,shoes,jacket,jeans,0,0,2,2,0,4,0,0,0,0
CUST_0256,male,48,598,8,201,1277.30875,1443.08,3,6.25,0.25,mobile,jacket,shoes,jeans,0,0,3,2,0,3,0,0,0,0
CUST_0257,female,47,241,8,61,1266.63,1386.41,3,6.125,0.25,desktop,jacket,jeans,shoes,0,0,4,2,0,2,0,0,0,0
CUST_0258,unknown,48,132,14,61,1285.3678571428572,1457.47,3,3.9285714285714284,0.5,desktop,jacket,shoes,jeans,0,0,9,2,0,3,0,0,0,0
CUST_0259,female,57,394,5,72,1183.702,1273.3,3,8.2,0.2,desktop,jacket,jeans,shoes,0,0,3,1,0,1,0,0,0,0
CUST_0260,male,51,146,9,54,1299.76,1500.0,3,5.666666666666667,0.2222222222222222,desktop,jacket,jeans,shoes,0,0,3,3,0,3,0,0,0,0
CUST_0261,male,47,308,8,187,1251.49375,1415.54,3,6.25,0.125,desktop,jacket,shoes,jeans,0,0,3,2,0,3,0,0,0,0
CUST_0262,female,54,118,9,47,1276.4122222222222,1500.0,3,4.888888888888889,0.2222222222222222,desktop,jacket,jeans,shoes,0,0,4,3,0,2,0,0,0,0
CUST_0263,unknown,45,50,11,47,1227.0372727272727,1359.41,3,6.2727272727272725,0.18181818181818182,mobile,jacket,jeans,shoes,0,0,5,3,0,3,0,0,0,0
CUST_0264,unknown,52,359,4,40,1268.415,1334.02,3,5.0,0.25,desktop,jacket,jeans,shoes,0,0,2,1,0,1,0,0,0,0
CUST_0265,male,50,149,10,145,1289.6399999999999,1449.44,3,4.7,0.2,desktop,shoes,jacket,jeans,0,0,2,1,0,7,0,0,0,0
CUST_0266,male,42,489,5,201,1256.012,1363.08,3,4.8,0.0,desktop,jacket,shoes,jeans,0,0,2,1,0,2,0,0,0,0
CUST_0267,female,54,201,8,61,1275.57125,1500.0,3,6.625,0.25,desktop,shoes,jacket,jeans,0,0,2,1,0,5,0,0,0,0
CUST_0268,female,53,140,8,55,1294.045,1446.99,3,4.625,0.125,desktop,jacket,shoes,jeans,0,0,3,2,0,3,0,0,0,0
CUST_0269,female,50,140,7,54,1174.672857142857,1210.58,3,5.428571428571429,0.2857142857142857,desktop,shoes,jacket,jeans,0,0,2,1,0,4,0,0,0,0
CUST_0270,male,47,75,8,61,1213.84625,1415.54,3,6.25,0.0,desktop,jacket,jeans,shoes,0,0,4,3,0,1,0,0,0,0
CUST_0271,female,55,160,5,68,1280.3899999999999,1384.48,3,4.2,0.4,desktop,jacket,jeans,shoes,0,0,3,1,0,1,0,0,0,0
CUST_0272,male,53,179,10,68,1272.067,1446.08,3,4.4,0.3,desktop,jacket,jeans,shoes,0,0,4,4,0,2,0,0,0,0
CUST_0273,male,50,422,6,180,1302.055,1446.99,3,5.666666666666667,0.3333333333333333,desktop,shoes,jacket,jeans,0,0,2,1,0,3,0,0,0,0
CUST_0274,male,50,142,9,60,1243.8266666666668,1500.0,3,4.555555555555555,0.3333333333333333,desktop,jacket,jeans,shoes,0,0,4,3,0,2,0,0,0,0
CUST_0275,male,47,171,11,40,1291.8018181818181,1500.0,3,4.454545454545454,0.0,desktop,shoes,jacket,jeans,0,0,3,2,0,6,0,0,0,0
CUST_0276,female,52,397,16,61,1295.270625,1457.47,3,4.875,0.0625,desktop,jacket,jeans,shoes,0,0,8,4,0,4,0,0,0,0
CUST_0277,female,58,313,8,67,1254.91125,1340.91,3,5.375,0.375,desktop,shoes,jeans,jacket,0,0,1,2,0,5,0,0,0,0
CUST_0278,female,50,86,6,82,1236.585,1406.33,3,8.833333333333334,0.16666666666666666,desktop,jacket,jeans,shoes,0,0,4,1,0,1,0,0,0,0
CUST_0279,female,52,465,14,61,1269.175,1437.07,3,5.285714285714286,0.14285714285714285,desktop,shoes,jeans,jacket,0,0,3,5,0,6,0,0,0,0
CUST_0280,female,47,134,8,39,1273.53,1418.87,3,6.375,0.25,desktop,jeans,shoes,jacket,0,0,2,3,0,3,0,0,0,0
CUST_0281,male,50,216,7,40,1337.047142857143,1449.44,3,6.142857142857143,0.14285714285714285,desktop,jacket,jeans,shoes,0,0,4,2,0,1,0,0,0,0
CUST_0282,female,43,35,12,33,1261.0133333333333,1500.0,3,5.0,0.25,mobile,jacket,shoes,jeans,0,0,7,1,0,4,0,0,0,0
CUST_0283,unknown,45,219,8,54,1214.36375,1386.41,3,5.625,0.375,desktop,shoes,jacket,jeans,0,0,3,1,0,4,0,0,0,0
CUST_0284,female,53,338,8,61,1353.50375,1500.0,3,6.625,0.125,desktop,shoes,jeans,jacket,0,0,1,2,0,5,0,0,0,0
CUST_0285,female,45,160,7,54,1259.8485714285714,1500.0,3,6.142857142857143,0.2857142857142857,desktop,jeans,jacket,shoes,0,0,2,3,0,2,0,0,0,0
CUST_0286,male,49,160,7,56,1289.782857142857,1437.07,3,5.857142857142857,0.0,desktop,jacket,jeans,shoes,0,0,3,3,0,1,0,0,0,0
CUST_0287,male,47,184,5,40,1231.78,1299.39,2,6.2,0.4,desktop,jacket,jeans,unknown,0,0,3,2,0,0,0,0,0,0
CUST_0288,male,54,138,17,53,1276.3276470588235,1457.47,3,5.529411764705882,0.17647058823529413,desktop,shoes,jacket,jeans,0,0,6,4,0,7,0,0,0,0
CUST_0289,unknown,57,94,9,63,1350.18,1500.0,3,5.111111111111111,0.5555555555555556,desktop,jacket,jeans,shoes,0,0,4,3,0,2,0,0,0,0
CUST_0290,male,45,288,14,68,1250.6278571428572,1457.47,3,5.142857142857143,0.35714285714285715,desktop,jacket,shoes,jeans,0,0,5,4,0,5,0,0,0,0
CUST_0291,male,48,46,12,46,1310.7975,1500.0,3,5.5,0.3333333333333333,mobile,jacket,jeans,shoes,0,0,6,3,0,3,0,0,0,0
CUST_0292,female,44,159,8,54,1270.30875,1384.48,3,4.875,0.0,desktop,jeans,shoes,jacket,0,0,2,3,0,3,0,0,0,0
CUST_0293,female,51,157,6,52,1253.6183333333333,1359.41,3,4.5,0.0,mobile,jacket,jeans,shoes,0,0,3,2,0,1,0,0,0,0
CUST_0294,male,59,316,9,180,1212.1,1359.41,3,4.222222222222222,0.0,mobile,shoes,jacket,jeans,0,0,2,2,0,5,0,0,0,0
CUST_0295,male,60,319,8,72,1224.59875,1304.74,3,5.125,0.0,mobile,jeans,shoes,jacket,0,0,2,3,0,3,0,0,0,0
CUST_0296,male,45,381,5,208,1274.348,1384.48,3,5.4,0.4,desktop,jeans,shoes,jacket,0,0,1,2,0,2,0,0,0,0
CUST_0297,female,55,109,13,60,1331.8153846153846,1446.08,3,4.6923076923076925,0.0,desktop,jacket,jeans,shoes,0,0,7,3,0,3,0,0,0,0
CUST_0298,male,45,148,9,145,1257.7122222222222,1446.08,3,6.222222222222222,0.0,desktop,shoes,jeans,jacket,0,0,1,3,0,5,0,0,0,0
CUST_0299,unknown,57,340,7,68,1274.7185714285715,1406.33,3,5.285714285714286,0.2857142857142857,mobile,jacket,jeans,shoes,0,0,4,2,0,1,0,0,0,0
CUST_0300,female,52,309,8,54,1281.48,1443.08,3,5.375,0.5,desktop,jeans,jacket,shoes,0,0,3,4,0,1,0,0,0,0
CUST_0301,female,51,100,8,61,1255.925,1437.07,3,4.625,0.125,desktop,jeans,jacket,shoes,0,0,2,4,0,2,0,0,0,0
CUST_0302,unknown,49,182,8,54,1258.68375,1363.08,3,5.625,0.0,mobile,jacket,jeans,shoes,0,0,3,3,0,2,0,0,0,0
CUST_0303,unknown,51,249,12,54,1275.6475,1443.08,3,5.166666666666667,0.08333333333333333,desktop,jeans,jacket,shoes,0,0,4,6,0,2,0,0,0,0
CUST_0304,male,54,159,9,61,1309.1066666666666,1500.0,3,5.444444444444445,0.4444444444444444,desktop,jacket,jeans,shoes,0,0,3,3,0,3,0,0,0,0
CUST_0305,male,50,267,9,54,1278.8144444444445,1443.08,3,5.777777777777778,0.1111111111111111,desktop,jeans,shoes,jacket,0,0,2,4,0,3,0,0,0,0
CUST_0306,female,50,100,11,47,1265.7318181818182,1437.07,3,5.818181818181818,0.18181818181818182,mobile,jacket,shoes,jeans,0,0,5,2,0,4,0,0,0,0
CUST_0307,female,52,150,6,145,1261.8216666666667,1415.54,3,4.833333333333333,0.16666666666666666,desktop,jeans,jacket,shoes,0,0,1,4,0,1,0,0,0,0
CUST_0308,male,52,48,15,47,1267.606,1457.47,3,5.2,0.13333333333333333,mobile,shoes,jacket,jeans,0,0,4,4,0,7,0,0,0,0
CUST_0309,unknown,45,126,9,54,1236.3755555555556,1449.44,3,4.555555555555555,0.2222222222222222,desktop,jacket,shoes,jeans,0,0,5,1,0,3,0,0,0,0
CUST_0310,male,50,241,9,61,1292.7955555555554,1500.0,3,5.555555555555555,0.1111111111111111,mobile,jacket,shoes,jeans,0,0,4,2,0,3,0,0,0,0
CUST_0311,male,51,290,10,47,1208.1309999999999,1321.03,3,5.9,0.2,desktop,jeans,jacket,shoes,0,0,3,4,0,3,0,0,0,0
CUST_0312,male,49,236,8,44,1210.97,1329.55,3,6.375,0.125,desktop,jacket,jeans,shoes,0,0,3,3,0,2,0,0,0,0
CUST_0313,female,50,164,10,68,1315.598,1457.47,3,5.7,0.0,desktop,jacket,jeans,shoes,0,0,5,3,0,2,0,0,0,0
CUST_0314,male,49,130,3,54,1337.1933333333334,1363.08,1,6.666666666666667,0.3333333333333333,desktop,jeans,unknown,unknown,0,0,0,3,0,0,0,0,0,0
CUST_0315,female,51,528,8,54,1229.0425,1384.48,3,6.75,0.125,desktop,jacket,jeans,shoes,0,0,5,2,0,1,0,0,0,0
CUST_0316,female,46,283,8,35,1296.51,1446.08,3,5.0,0.0,desktop,jeans,jacket,shoes,0,0,2,5,0,1,0,0,0,0
CUST_0317,male,48,251,8,54,1268.7825,1500.0,3,5.25,0.25,desktop,shoes,jacket,jeans,0,0,2,1,0,5,0,0,0,0
CUST_0318,female,48,281,8,68,1328.6675,1443.08,3,4.25,0.25,desktop,shoes,jacket,jeans,0,0,3,1,0,4,0,0,0,0
CUST_0319,male,52,504,7,68,1266.1028571428571,1443.08,3,4.285714285714286,0.42857142857142855,desktop,jeans,shoes,jacket,0,0,1,4,0,2,0,0,0,0
CUST_0320,female,53,31,11,26,1236.140909090909,1373.21,3,5.2727272727272725,0.09090909090909091,desktop,jacket,shoes,jeans,0,0,5,2,0,4,0,0,0,0
CUST_0321,unknown,46,53,10,52,1241.228,1446.08,3,4.9,0.2,desktop,jeans,shoes,jacket,0,0,1,6,0,3,0,0,0,0
CUST_0322,female,53,140,8,138,1302.6399999999999,1449.44,3,6.125,0.125,desktop,jeans,jacket,shoes,0,0,2,4,0,2,0,0,0,0
CUST_0323,male,49,162,12,58,1285.7491666666667,1443.08,3,6.0,0.25,desktop,jeans,shoes,jacket,0,0,1,7,0,4,0,0,0,0
CUST_0324,female,56,51,8,47,1294.6475,1446.08,3,4.5,0.125,desktop,shoes,jeans,jacket,0,0,1,3,0,4,0,0,0,0
CUST_0325,female,46,175,10,54,1203.575,1329.55,3,5.1,0.1,desktop,jacket,jeans,shoes,0,0,4,3,0,3,0,0,0,0
CUST_0326,unknown,56,261,11,40,1237.0972727272726,1387.13,3,5.181818181818182,0.2727272727272727,mobile,jeans,jacket,shoes,0,0,3,7,0,1,0,0,0,0
CUST_0327,unknown,50,425,9,187,1279.7311111111112,1437.07,3,5.555555555555555,0.2222222222222222,desktop,shoes,jeans,jacket,0,0,2,3,0,4,0,0,0,0
CUST_0328,male,49,387,7,67,1269.0928571428572,1446.08,2,5.285714285714286,0.14285714285714285,desktop,jacket,jeans,unknown,0,0,5,2,0,0,0,0,0,0
CUST_0329,female,42,240,10,61,1295.899,1457.47,3,4.2,0.1,mobile,jeans,jacket,shoes,0,0,3,4,0,3,0,0,0,0
CUST_0330,female,50,113,10,61,1235.661,1329.55,3,4.1,0.0,desktop,jeans,jacket,shoes,0,0,3,5,0,2,0,0,0,0
CUST_0331,female,56,130,8,60,1330.2675,1437.07,3,5.25,0.25,desktop,jeans,jacket,shoes,0,0,2,4,0,2,0,0,0,0
CUST_0332,male,52,73,14,47,1312.4492857142857,1446.99,3,5.214285714285714,0.14285714285714285,mobile,shoes,jacket,jeans,0,0,4,4,0,6,0,0,0,0
CUST_0333,unknown,53,182,9,47,1256.2677777777778,1386.41,3,5.777777777777778,0.0,desktop,jeans,jacket,shoes,0,0,3,5,0,1,0,0,0,0
CUST_0334,female,49,61,9,54,1242.4077777777777,1500.0,3,5.888888888888889,0.1111111111111111,desktop,jacket,jeans,shoes,0,0,4,3,0,2,0,0,0,0
CUST_0335,female,41,52,8,47,1314.69125,1500.0,3,6.25,0.375,desktop,shoes,jeans,jacket,0,0,1,2,0,5,0,0,0,0
CUST_0336,male,45,135,4,131,1153.09,1207.27,2,5.25,0.25,mobile,jacket,jeans,unknown,0,0,3,1,0,0,0,0,0,0
CUST_0337,male,53,143,10,33,1215.524,1386.41,3,6.1,0.1,desktop,jacket,shoes,jeans,0,0,6,1,0,3,0,0,0,0
CUST_0338,female,49,179,9,53,1277.9422222222222,1446.08,3,4.777777777777778,0.2222222222222222,mobile,jacket,jeans,shoes,0,0,5,2,0,2,0,0,0,0
CUST_0339,male,54,321,6,59,1366.131666666667,1418.87,2,3.8333333333333335,0.0,desktop,jacket,jeans,unknown,0,0,4,2,0,0,0,0,0,0
CUST_0340,female,56,384,7,61,1319.1399999999999,1446.99,3,5.0,0.5714285714285714,desktop,shoes,jacket,jeans,0,0,2,2,0,3,0,0,0,0
CUST_0341,female,53,70,8,45,1262.04,1415.54,3,5.625,0.125,desktop,jacket,jeans,shoes,0,0,3,3,0,2,0,0,0,0
CUST_0342,male,53,430,9,55,1241.7344444444445,1384.48,3,6.222222222222222,0.2222222222222222,desktop,jeans,shoes,jacket,0,0,2,4,0,3,0,0,0,0
CUST_0343,female,47,73,6,68,1195.76,1264.0,2,5.166666666666667,0.0,desktop,shoes,jacket,unknown,0,0,2,0,0,4,0,0,0,0
CUST_0344,male,55,117,7,61,1259.4042857142856,1437.07,3,5.571428571428571,0.42857142857142855,mobile,jeans,jacket,shoes,0,0,2,3,0,2,0,0,0,0
CUST_0345,male,47,126,5,46,1244.5819999999999,1418.87,3,6.0,0.4,desktop,jeans,jacket,shoes,0,0,1,3,0,1,0,0,0,0
CUST_0346,female,53,316,6,47,1235.11,1386.41,2,6.0,0.16666666666666666,desktop,jacket,jeans,unknown,0,0,4,2,0,0,0,0,0,0
CUST_0347,male,51,205,12,59,1279.9033333333334,1446.08,3,5.166666666666667,0.08333333333333333,desktop,shoes,jeans,jacket,0,0,3,4,0,5,0,0,0,0
CUST_0348,male,47,130,6,61,1363.55,1500.0,3,5.5,0.5,desktop,jacket,jeans,shoes,0,0,2,2,0,2,0,0,0,0
CUST_0349,male,47,399,11,60,1362.959090909091,1500.0,3,5.181818181818182,0.18181818181818182,desktop,jacket,shoes,jeans,0,0,5,1,0,5,0,0,0,0
CUST_0350,male,53,199,7,173,1269.292857142857,1437.07,2,6.428571428571429,0.14285714285714285,desktop,jeans,shoes,unknown,0,0,0,4,0,3,0,0,0,0
CUST_0351,unknown,48,233,9,64,1246.6866666666667,1406.33,3,6.666666666666667,0.1111111111111111,desktop,jacket,jeans,shoes,0,0,4,4,0,1,0,0,0,0
CUST_0352,female,54,249,6,198,1287.805,1446.99,3,5.666666666666667,0.16666666666666666,mobile,shoes,jacket,jeans,0,0,1,1,0,4,0,0,0,0
CUST_0353,female,49,301,6,61,1285.8716666666667,1418.87,3,3.6666666666666665,0.0,desktop,shoes,jacket,jeans,0,0,2,1,0,3,0,0,0,0
CUST_0354,female,50,230,10,61,1251.8809999999999,1449.44,3,6.0,0.3,desktop,shoes,jacket,jeans,0,0,4,1,0,5,0,0,0,0
CUST_0355,unknown,43,65,12,61,1281.39,1446.99,3,5.166666666666667,0.25,desktop,jacket,shoes,jeans,0,0,6,1,0,5,0,0,0,0
CUST_0356,male,50,224,3,200,1284.9266666666665,1446.99,3,4.0,0.3333333333333333,desktop,jacket,jeans,shoes,0,0,1,1,0,1,0,0,0,0
CUST_0357,female,48,68,13,68,1281.3623076923077,1443.08,3,5.461538461538462,0.23076923076923078,desktop,jeans,jacket,shoes,0,0,3,7,0,3,0,0,0,0
CUST_0358,male,57,307,7,180,1228.7685714285715,1340.91,3,5.428571428571429,0.0,desktop,shoes,jacket,jeans,0,0,1,1,0,5,0,0,0,0
CUST_0359,unknown,46,221,9,63,1345.9266666666667,1500.0,3,5.444444444444445,0.2222222222222222,mobile,shoes,jacket,jeans,0,0,3,1,0,5,0,0,0,0
CUST_0360,female,47,266,6,190,1302.085,1379.94,3,5.166666666666667,0.0,desktop,shoes,jacket,jeans,0,0,2,1,0,3,0,0,0,0
CUST_0361,male,45,261,10,47,1256.8790000000001,1457.47,3,6.6,0.2,desktop,jeans,shoes,jacket,0,0,2,5,0,3,0,0,0,0
CUST_0362,female,48,149,8,33,1257.77125,1457.47,3,5.25,0.25,desktop,jacket,shoes,jeans,0,0,3,2,0,3,0,0,0,0
CUST_0363,female,49,181,3,180,1348.9733333333334,1443.08,2,7.333333333333333,0.0,desktop,jacket,jeans,unknown,0,0,2,1,0,0,0,0,0,0
CUST_0364,female,49,224,7,33,1233.9342857142858,1500.0,3,6.285714285714286,0.14285714285714285,desktop,jacket,shoes,jeans,0,0,3,1,0,3,0,0,0,0
CUST_0365,female,54,58,16,54,1273.455,1500.0,3,5.375,0.3125,desktop,jacket,jeans,shoes,0,0,8,5,0,3,0,0,0,0
CUST_0366,female,45,329,12,67,1256.8233333333335,1457.47,3,6.833333333333333,0.08333333333333333,desktop,jacket,jeans,shoes,0,0,9,2,0,1,0,0,0,0
CUST_0367,female,51,416,5,40,1341.852,1449.44,3,4.4,0.2,desktop,jacket,shoes,jeans,0,0,2,1,0,2,0,0,0,0
CUST_0368,male,48,78,10,43,1311.6399999999999,1437.07,3,5.1,0.5,desktop,jacket,jeans,shoes,0,0,5,3,0,2,0,0,0,0
CUST_0369,female,43,140,8,46,1274.93125,1500.0,3,5.625,0.5,desktop,shoes,jacket,jeans,0,0,3,1,0,4,0,0,0,0
CUST_0370,female,51,201,9,51,1317.97,1449.44,3,5.0,0.0,mobile,jeans,jacket,shoes,0,0,3,4,0,2,0,0,0,0
CUST_0371,female,41,264,5,61,1218.8220000000001,1304.74,3,4.8,0.0,desktop,shoes,jacket,jeans,0,0,1,1,0,3,0,0,0,0
CUST_0372,male,53,348,8,40,1271.87125,1449.44,3,5.5,0.125,desktop,jacket,jeans,shoes,0,0,3,3,0,2,0,0,0,0
CUST_0373,unknown,51,17,8,12,1218.835,1500.0,3,5.375,0.25,desktop,jacket,shoes,jeans,0,0,3,2,0,3,0,0,0,0
CUST_0374,female,47,77,11,41,1262.692727272727,1384.48,3,5.181818181818182,0.09090909090909091,desktop,shoes,jacket,jeans,0,0,3,3,0,5,0,0,0,0
CUST_0375,female,43,413,7,61,1268.7357142857143,1500.0,3,5.857142857142857,0.2857142857142857,desktop,jeans,jacket,shoes,0,0,2,4,0,1,0,0,0,0
CUST_0376,male,40,33,13,33,1271.993846153846,1437.07,3,5.6923076923076925,0.07692307692307693,desktop,jacket,shoes,jeans,0,0,6,2,0,5,0,0,0,0
CUST_0377,unknown,44,266,9,185,1291.601111111111,1415.54,3,5.444444444444445,0.1111111111111111,mobile,shoes,jeans,jacket,0,0,1,2,0,6,0,0,0,0
CUST_0378,unknown,46,645,5,208,1264.6,1446.99,2,5.2,0.0,mobile,shoes,jacket,unknown,0,0,1,0,0,4,0,0,0,0
CUST_0379,male,52,85,10,63,1253.647,1379.94,3,6.8,0.1,desktop,shoes,jacket,jeans,0,0,3,2,0,5,0,0,0,0
CUST_0380,female,51,113,7,56,1244.4599999999998,1415.54,3,4.714285714285714,0.14285714285714285,mobile,jacket,shoes,jeans,0,0,3,1,0,3,0,0,0,0
CUST_0381,male,44,108,6,61,1282.9816666666666,1418.87,3,5.0,0.0,desktop,shoes,jacket,jeans,0,0,1,1,0,4,0,0,0,0
CUST_0382,female,47,437,8,54,1336.6187499999999,1500.0,3,5.625,0.0,mobile,jacket,jeans,shoes,0,0,5,2,0,1,0,0,0,0
CUST_0383,male,56,241,5,40,1341.432,1443.08,3,4.2,0.2,desktop,jacket,jeans,shoes,0,0,3,1,0,1,0,0,0,0
CUST_0384,female,51,155,8,33,1237.91375,1500.0,3,5.125,0.125,desktop,jeans,shoes,jacket,0,0,2,3,0,3,0,0,0,0
CUST_0385,female,46,290,9,180,1256.8188888888888,1446.08,3,4.555555555555555,0.3333333333333333,mobile,jacket,jeans,shoes,0,0,3,3,0,3,0,0,0,0
CUST_0386,male,54,541,5,185,1251.096,1446.99,3,5.0,0.2,desktop,shoes,jacket,jeans,0,0,1,1,0,3,0,0,0,0
CUST_0387,unknown,50,221,7,39,1323.5842857142857,1500.0,3,6.142857142857143,0.2857142857142857,desktop,shoes,jacket,jeans,0,0,2,2,0,3,0,0,0,0
CUST_0388,male,58,226,7,61,1263.0585714285714,1418.87,2,5.428571428571429,0.0,desktop,jacket,jeans,unknown,0,0,5,2,0,0,0,0,0,0
CUST_0389,male,53,265,6,61,1317.6483333333333,1418.87,3,4.5,0.5,mobile,jeans,jacket,shoes,0,0,2,3,0,1,0,0,0,0
CUST_0390,female,53,251,6,197,1300.1783333333333,1446.99,3,6.333333333333333,0.3333333333333333,desktop,jacket,jeans,shoes,0,0,3,2,0,1,0,0,0,0
CUST_0391,male,45,608,6,54,1238.41,1373.21,3,6.666666666666667,0.0,desktop,jeans,shoes,jacket,0,0,1,3,0,2,0,0,0,0
CUST_0392,female,46,297,10,40,1275.019,1446.99,3,5.3,0.2,desktop,shoes,jacket,jeans,0,0,3,2,0,5,0,0,0,0
CUST_0393,male,44,262,9,60,1194.778888888889,1397.64,2,5.555555555555555,0.0,desktop,jacket,jeans,unknown,0,0,5,4,0,0,0,0,0,0
CUST_0394,male,52,246,5,201,1236.854,1326.6,2,5.8,0.0,mobile,shoes,jeans,unknown,0,0,0,1,0,4,0,0,0,0
CUST_0395,unknown,49,366,10,62,1275.508,1449.44,3,4.7,0.0,desktop,shoes,jacket,jeans,0,0,3,3,0,4,0,0,0,0
CUST_0396,female,49,223,9,60,1267.98,1387.13,3,5.666666666666667,0.2222222222222222,desktop,jacket,jeans,shoes,0,0,3,3,0,3,0,0,0,0
CUST_0397,male,54,53,10,53,1300.2779999999998,1446.99,3,5.6,0.1,mobile,jeans,jacket,shoes,0,0,3,4,0,3,0,0,0,0
CUST_0398,female,48,204,7,173,1278.8771428571429,1406.33,3,4.285714285714286,0.0,desktop,jacket,shoes,jeans,0,0,3,1,0,3,0,0,0,0
CUST_0399,female,48,247,8,40,1355.92625,1500.0,3,6.125,0.125,desktop,jacket,jeans,shoes,0,0,5,2,0,1,0,0,0,0
CUST_0400,male,44,222,3,166,1290.8266666666666,1349.11,2,6.666666666666667,0.0,desktop,jacket,jeans,unknown,0,0,2,1,0,0,0,0,0,0
CUST_0401,unknown,37,486,1,11,686.44,686.44,1,3.0,0.0,mobile,t-shirt,unknown,unknown,0,0,0,0,0,0,0,0,0,1
CUST_0402,female,30,616,2,47,652.995,676.88,2,6.0,0.0,desktop,jeans,shoes,unknown,0,0,0,1,0,1,0,0,0,0
CUST_0404,female,41,182,2,12,298.065,314.38,2,3.0,0.0,mobile,jeans,shirt,unknown,0,0,0,1,1,0,0,0,0,0
CUST_0405,male,35,84,1,68,517.94,517.94,1,6.0,0.0,mobile,shirt,unknown,unknown,0,0,0,0,1,0,0,0,0,0
CUST_0406,unknown,39,127,2,58,534.575,736.7,2,2.5,1.0,mobile,shirt,t-shirt,unknown,0,0,0,0,1,0,0,0,0,1
CUST_0407,male,45,227,1,30,328.82,328.82,1,7.0,0.0,mobile,shoes,unknown,unknown,0,0,0,0,0,1,0,0,0,0
CUST_0408,unknown,33,167,2,33,297.67,298.85,2,8.5,0.5,mobile,jeans,t-shirt,unknown,0,0,0,1,0,0,0,0,0,1
CUST_0409,male,38,176,1,12,361.41,361.41,1,3.0,0.0,desktop,t-shirt,unknown,unknown,0,0,0,0,0,0,0,0,0,1
CUST_0410,female,33,86,3,82,571.68,720.04,2,6.333333333333333,0.3333333333333333,mobile,shirt,t-shirt,unknown,0,0,0,0,2,0,0,0,0,1
CUST_0411,unknown,43,216,2,32,407.21500000000003,517.94,2,3.5,0.0,desktop,jeans,shirt,unknown,0,0,0,1,1,0,0,0,0,0
CUST_0412,male,38,384,5,26,425.49000000000007,676.88,3,5.6,0.2,mobile,shoes,jeans,shirt,0,0,0,1,1,3,0,0,0,0
CUST_0413,male,38,229,3,9,410.5466666666666,475.45,2,6.333333333333333,0.3333333333333333,mobile,shirt,jeans,unknown,0,0,0,1,2,0,0,0,0,0
CUST_0414,unknown,37,259,4,12,386.3025,463.11,2,5.5,0.25,desktop,jeans,shirt,unknown,0,0,0,3,1,0,0,0,0,0
CUST_0415,female,32,58,2,26,308.97,517.94,1,7.5,0.5,mobile,shirt,unknown,unknown,0,0,0,0,2,0,0,0,0,0
CUST_0416,male,40,340,2,19,475.855,656.0,2,5.5,0.0,mobile,jeans,t-shirt,unknown,0,0,0,1,0,0,0,0,0,1
CUST_0417,unknown,30,96,1,12,384.06,384.06,1,3.0,0.0,mobile,shoes,unknown,unknown,0,0,0,0,0,1,0,0,0,0
CUST_0418,male,40,121,2,47,418.35,736.7,2,3.5,0.0,mobile,shirt,shoes,unknown,0,0,0,0,1,1,0,0,0,0
CUST_0419,female,35,167,2,33,498.345,680.62,2,4.0,0.0,mobile,shirt,shoes,unknown,0,0,0,0,1,1,0,0,0,0
CUST_0420,male,40,145,1,6,441.81,441.81,1,7.0,0.0,mobile,shirt,unknown,unknown,0,0,0,0,1,0,0,0,0,0
CUST_0421,male,43,477,1,5,361.41,361.41,1,3.0,0.0,desktop,t-shirt,unknown,unknown,0,0,0,0,0,0,0,0,0,1
CUST_0422,male,37,242,1,24,728.8,728.8,1,2.0,1.0,mobile,jeans,unknown,unknown,0,0,0,1,0,0,0,0,0,0
CUST_0423,male,37,193,2,75,614.71,676.88,2,5.5,0.0,desktop,shoes,t-shirt,unknown,0,0,0,0,0,1,0,0,0,1
CUST_0424,male,36,355,5,19,348.422,552.54,3,4.2,0.0,mobile,shirt,t-shirt,jeans,0,0,0,1,2,0,0,0,0,2
CUST_0425,female,45,71,3,33,408.17,614.42,2,5.333333333333333,0.0,mobile,shirt,t-shirt,unknown,0,0,0,0,2,0,0,0,0,1
CUST_0426,male,37,200,3,32,236.95666666666668,314.38,3,6.666666666666667,0.0,desktop,jeans,shirt,shoes,0,0,0,1,1,1,0,0,0,0
CUST_0427,female,39,94,2,40,535.24,552.54,2,6.5,0.0,desktop,shirt,t-shirt,unknown,0,0,0,0,1,0,0,0,0,1
CUST_0428,male,39,324,2,26,410.02,720.04,2,6.0,0.5,desktop,shoes,t-shirt,unknown,0,0,0,0,0,1,0,0,0,1
CUST_0429,male,37,468,1,78,587.33,587.33,1,5.0,1.0,desktop,t-shirt,unknown,unknown,0,0,0,0,0,0,0,0,0,1
CUST_0430,male,36,132,1,131,495.98,495.98,1,4.0,0.0,mobile,t-shirt,unknown,unknown,0,0,0,0,0,0,0,0,0,1
CUST_0431,unknown,38,439,2,110,357.21,614.42,2,5.0,0.5,desktop,shirt,shoes,unknown,0,0,0,0,1,1,0,0,0,0
CUST_0432,male,43,404,2,47,511.985,587.33,2,6.5,0.5,desktop,shirt,t-shirt,unknown,0,0,0,0,1,0,0,0,0,1
CUST_0433,male,37,32,3,32,414.02,614.42,1,4.333333333333333,0.0,mobile,shirt,unknown,unknown,0,0,0,0,3,0,0,0,0,0
CUST_0434,male,35,52,3,47,325.85999999999996,543.99,3,6.0,0.3333333333333333,desktop,jeans,shirt,t-shirt,0,0,0,1,1,0,0,0,0,1
CUST_0435,female,38,130,1,130,629.11,629.11,1,5.0,0.0,mobile,jeans,unknown,unknown,0,0,0,1,0,0,0,0,0,0
CUST_0436,male,30,247,5,26,400.088,552.54,2,5.0,0.4,mobile,t-shirt,shoes,unknown,0,0,0,0,0,2,0,0,0,3
CUST_0437,female,39,117,3,2,537.8533333333334,736.7,2,7.333333333333333,0.0,desktop,jeans,shirt,unknown,0,0,0,2,1,0,0,0,0,0
CUST_0438,female,41,61,2,61,313.82,314.38,1,6.0,0.5,mobile,shirt,unknown,unknown,0,0,0,0,2,0,0,0,0,0
CUST_0439,male,33,251,4,21,580.305,720.04,3,3.0,0.5,mobile,jeans,shoes,t-shirt,0,0,0,2,0,1,0,0,0,1
CUST_0440,male,34,201,1,37,100.0,100.0,1,6.0,0.0,mobile,shoes,unknown,unknown,0,0,0,0,0,1,0,0,0,0
CUST_0441,male,38,203,1,180,720.04,720.04,1,4.0,0.0,mobile,t-shirt,unknown,unknown,0,0,0,0,0,0,0,0,0,1
CUST_0442,male,42,79,2,75,599.28,680.62,1,5.5,0.5,mobile,shirt,unknown,unknown,0,0,0,0,2,0,0,0,0,0
CUST_0443,unknown,40,309,2,61,418.35,736.7,1,5.0,0.0,desktop,shirt,unknown,unknown,0,0,0,0,2,0,0,0,0,0
CUST_0444,male,34,441,1,4,656.0,656.0,1,4.0,0.0,desktop,jeans,unknown,unknown,0,0,0,1,0,0,0,0,0,0
CUST_0447,male,31,304,2,40,546.38,587.33,2,7.0,0.5,desktop,shoes,t-shirt,unknown,0,0,0,0,0,1,0,0,0,1
CUST_0448,male,34,133,4,1,461.8625,720.04,2,6.5,0.25,mobile,shirt,t-shirt,unknown,0,0,0,0,2,0,0,0,0,2
CUST_0450,male,36,306,2,5,519.3,676.88,2,6.5,0.0,desktop,jeans,shoes,unknown,0,0,0,1,0,1,0,0,0,0
CUST_0451,male,40,580,1,33,100.0,100.0,1,4.0,0.0,mobile,shoes,unknown,unknown,0,0,0,0,0,1,0,0,0,0
CUST_0452,male,39,311,1,40,426.81,426.81,1,6.0,0.0,mobile,t-shirt,unknown,unknown,0,0,0,0,0,0,0,0,0,1
CUST_0453,male,35,379,1,40,736.7,736.7,1,5.0,0.0,mobile,shirt,unknown,unknown,0,0,0,0,1,0,0,0,0,0
CUST_0454,male,34,40,2,40,535.24,552.54,2,6.5,0.0,desktop,shirt,t-shirt,unknown,0,0,0,0,1,0,0,0,0,1
CUST_0455,male,44,436,3,40,348.34999999999997,676.88,2,4.666666666666667,0.0,desktop,shoes,jeans,unknown,0,0,0,1,0,2,0,0,0,0
CUST_0457,male,34,152,3,12,607.91,720.04,2,4.333333333333333,0.3333333333333333,mobile,t-shirt,shoes,unknown,0,0,0,0,0,1,0,0,0,2
CUST_0458,male,40,155,2,54,216.225,332.45,2,4.0,0.0,mobile,shoes,t-shirt,unknown,0,0,0,0,0,1,0,0,0,1
CUST_0459,male,40,590,2,61,340.275,384.06,2,6.5,0.0,desktop,jeans,shoes,unknown,0,0,0,1,0,1,0,0,0,0
CUST_0460,male,38,487,1,12,304.94,304.94,1,9.0,0.0,mobile,shoes,unknown,unknown,0,0,0,0,0,1,0,0,0,0
CUST_0461,male,34,14,1,12,587.33,587.33,1,6.0,0.0,desktop,t-shirt,unknown,unknown,0,0,0,0,0,0,0,0,0,1
CUST_0462,male,32,145,4,38,469.84,614.42,1,3.0,0.0,mobile,shirt,unknown,unknown,0,0,0,0,4,0,0,0,0,0
CUST_0463,unknown,43,126,2,124,462.8,629.11,1,6.5,0.0,mobile,jeans,unknown,unknown,0,0,0,2,0,0,0,0,0,0
CUST_0464,male,42,184,3,26,473.5566666666667,736.7,2,4.0,0.0,mobile,shirt,jeans,unknown,0,0,0,1,2,0,0,0,0,0
CUST_0465,male,39,236,4,18,543.7725,720.04,2,5.0,0.0,mobile,shirt,t-shirt,unknown,0,0,0,0,2,0,0,0,0,2
CUST_0466,female,37,204,1,152,495.98,495.98,1,8.0,0.0,desktop,t-shirt,unknown,unknown,0,0,0,0,0,0,0,0,0,1
CUST_0467,unknown,37,255,5,27,342.738,513.92,3,5.8,0.2,mobile,shoes,t-shirt,shirt,0,0,0,0,1,2,0,0,0,2
CUST_0468,unknown,40,189,3,26,366.18,517.94,3,6.0,0.0,mobile,jeans,shirt,t-shirt,0,0,0,1,1,0,0,0,0,1
CUST_0469,male,32,4,3,4,252.63333333333335,361.41,3,5.333333333333333,0.3333333333333333,mobile,jeans,shirt,t-shirt,0,0,0,1,1,0,0,0,0,1
CUST_0470,male,36,193,2,19,389.95500000000004,483.42,2,7.0,0.0,mobile,jeans,shirt,unknown,0,0,0,1,1,0,0,0,0,0
CUST_0471,male,33,619,5,49,545.504,720.04,2,4.4,0.4,mobile,t-shirt,jeans,unknown,0,0,0,2,0,0,0,0,0,3
CUST_0472,male,34,175,1,131,720.04,720.04,1,10.0,0.0,mobile,t-shirt,unknown,unknown,0,0,0,0,0,0,0,0,0,1
CUST_0473,female,35,87,1,15,505.43,505.43,1,6.0,0.0,mobile,shoes,unknown,unknown,0,0,0,0,0,1,0,0,0,0
CUST_0475,male,31,688,1,110,298.85,298.85,1,6.0,0.0,mobile,t-shirt,unknown,unknown,0,0,0,0,0,0,0,0,0,1
CUST_0476,male,37,212,3,32,547.2766666666666,614.42,2,4.333333333333333,0.6666666666666666,desktop,shirt,t-shirt,unknown,0,0,0,0,2,0,0,0,0,1
CUST_0477,male,40,279,5,12,413.392,552.54,2,6.2,0.0,mobile,t-shirt,shirt,unknown,0,0,0,0,1,0,0,0,0,4
CUST_0478,male,37,193,2,12,253.825,332.45,2,5.5,0.5,mobile,jeans,t-shirt,unknown,0,0,0,1,0,0,0,0,0,1
CUST_0479,male,36,335,3,54,541.9333333333333,680.62,3,5.666666666666667,0.3333333333333333,mobile,jeans,shirt,shoes,0,0,0,1,1,1,0,0,0,0
CUST_0480,male,39,462,1,75,680.62,680.62,1,5.0,0.0,mobile,shirt,unknown,unknown,0,0,0,0,1,0,0,0,0,0
CUST_0481,female,33,47,2,33,586.97,656.0,2,6.5,0.0,mobile,jeans,shirt,unknown,0,0,0,1,1,0,0,0,0,0
CUST_0483,male,36,188,3,26,391.18333333333334,552.54,2,6.0,0.3333333333333333,mobile,shoes,t-shirt,unknown,0,0,0,0,0,2,0,0,0,1
CUST_0484,male,37,81,3,68,494.34333333333325,614.42,3,4.666666666666667,0.3333333333333333,mobile,shirt,shoes,t-shirt,0,0,0,0,1,1,0,0,0,1
CUST_0486,female,39,38,1,24,728.8,728.8,1,1.0,0.0,desktop,jeans,unknown,unknown,0,0,0,1,0,0,0,0,0,0
CUST_0487,male,34,413,1,46,587.33,587.33,1,7.0,0.0,mobile,t-shirt,unknown,unknown,0,0,0,0,0,0,0,0,0,1
CUST_0488,male,38,503,2,93,474.395,680.62,2,8.0,0.5,desktop,jeans,shirt,unknown,0,0,0,1,1,0,0,0,0,0
CUST_0489,male,41,172,1,19,384.06,384.06,1,2.0,0.0,mobile,shoes,unknown,unknown,0,0,0,0,0,1,0,0,0,0
CUST_0490,male,36,198,2,19,198.03,220.86,1,6.5,0.5,desktop,jeans,unknown,unknown,0,0,0,2,0,0,0,0,0,0
CUST_0492,female,45,444,3,23,449.2366666666667,720.04,2,6.0,0.0,desktop,t-shirt,shoes,unknown,0,0,0,0,0,1,0,0,0,2
CUST_0493,male,37,371,2,194,291.275,314.38,2,8.0,0.0,mobile,jeans,shirt,unknown,0,0,0,1,1,0,0,0,0,0
CUST_0494,unknown,32,154,2,5,300.71500000000003,304.94,2,7.5,0.0,desktop,jeans,shoes,unknown,0,0,0,1,0,1,0,0,0,0
CUST_0495,male,33,172,3,33,427.26000000000005,686.44,2,6.666666666666667,0.3333333333333333,mobile,t-shirt,jeans,unknown,0,0,0,1,0,0,0,0,0,2
CUST_0496,male,39,35,3,33,427.43666666666667,587.33,2,5.333333333333333,0.6666666666666666,desktop,t-shirt,jeans,unknown,0,0,0,1,0,0,0,0,0,2
CUST_0498,male,36,584,4,26,482.485,686.44,4,4.5,0.0,mobile,jeans,shirt,shoes,0,0,0,1,1,1,0,0,0,1
CUST_0500,male,44,115,2,4,477.865,513.92,1,7.5,0.0,desktop,shirt,unknown,unknown,0,0,0,0,2,0,0,0,0,0
CUST_0501,male,38,190,1,17,426.81,426.81,1,5.0,0.0,mobile,t-shirt,unknown,unknown,0,0,0,0,0,0,0,0,0,1
CUST_0502,male,30,231,1,19,583.5,583.5,1,5.0,0.0,mobile,shirt,unknown,unknown,0,0,0,0,1,0,0,0,0,0
CUST_0503,male,42,65,2,28,335.59000000000003,495.98,2,5.0,0.0,desktop,jeans,t-shirt,unknown,0,0,0,1,0,0,0,0,0,1
CUST_0504,male,33,171,2,47,520.03,656.0,2,2.5,0.0,mobile,jeans,shoes,unknown,0,0,0,1,0,1,0,0,0,0
CUST_0505,male,45,228,1,18,441.81,441.81,1,7.0,0.0,mobile,shirt,unknown,unknown,0,0,0,0,1,0,0,0,0,0
CUST_0506,male,40,180,1,25,175.2,175.2,1,5.0,0.0,mobile,jeans,unknown,unknown,0,0,0,1,0,0,0,0,0,0
CUST_0507,male,32,216,2,15,458.63,475.45,2,5.0,0.5,desktop,jeans,shirt,unknown,0,0,0,1,1,0,0,0,0,0
CUST_0508,male,36,289,3,19,421.6566666666667,656.0,3,5.666666666666667,0.0,mobile,jeans,shirt,t-shirt,0,0,0,1,1,0,0,0,0,1
CUST_0509,female,39,314,2,79,326.27,552.54,2,6.0,0.5,desktop,shoes,t-shirt,unknown,0,0,0,0,0,1,0,0,0,1
CUST_0510,unknown,35,135,9,26,522.5966666666667,720.04,4,5.0,0.2222222222222222,desktop,shirt,t-shirt,jeans,0,0,0,2,3,1,0,0,0,3
CUST_0511,male,35,320,2,40,636.885,686.44,1,4.0,0.5,desktop,t-shirt,unknown,unknown,0,0,0,0,0,0,0,0,0,2
CUST_0512,male,39,171,3,46,499.1966666666667,676.88,3,4.666666666666667,0.0,desktop,jeans,shoes,t-shirt,0,0,0,1,0,1,0,0,0,1
CUST_0513,female,45,102,3,26,649.82,720.04,2,6.666666666666667,0.3333333333333333,mobile,t-shirt,shoes,unknown,0,0,0,0,0,1,0,0,0,2
CUST_0514,male,41,620,1,115,333.59,333.59,1,4.0,0.0,desktop,jeans,unknown,unknown,0,0,0,1,0,0,0,0,0,0
CUST_0515,male,34,285,3,33,604.9266666666666,686.44,2,5.0,0.0,desktop,shirt,t-shirt,unknown,0,0,0,0,2,0,0,0,0,1
CUST_0517,unknown,32,96,1,68,552.54,552.54,1,2.0,0.0,desktop,t-shirt,unknown,unknown,0,0,0,0,0,0,0,0,0,1
CUST_0518,male,35,99,1,96,720.04,720.04,1,3.0,0.0,mobile,t-shirt,unknown,unknown,0,0,0,0,0,0,0,0,0,1
CUST_0519,female,37,14,4,11,386.4575,465.99,3,7.5,0.25,mobile,shirt,jeans,shoes,0,0,0,1,2,1,0,0,0,0
CUST_0520,male,33,181,2,95,633.975,680.62,2,7.5,0.5,mobile,shirt,t-shirt,unknown,0,0,0,0,1,0,0,0,0,1
CUST_0521,male,43,56,3,5,451.48,656.0,3,6.0,0.3333333333333333,mobile,jeans,shirt,shoes,0,0,0,1,1,1,0,0,0,0
CUST_0522,male,33,94,1,28,100.0,100.0,1,7.0,0.0,mobile,shoes,unknown,unknown,0,0,0,0,0,1,0,0,0,0
CUST_0524,male,40,198,3,19,586.8366666666667,680.62,2,5.0,0.0,mobile,jeans,shirt,unknown,0,0,0,2,1,0,0,0,0,0
CUST_0526,male,34,125,2,54,418.35,736.7,2,8.0,0.0,mobile,shirt,shoes,unknown,0,0,0,0,1,1,0,0,0,0
CUST_0527,male,36,186,3,4,399.49666666666667,517.94,3,4.333333333333333,0.0,mobile,jeans,shirt,shoes,0,0,0,1,1,1,0,0,0,0
CUST_0528,male,38,95,2,95,456.635,614.42,2,3.0,0.0,desktop,shirt,t-shirt,unknown,0,0,0,0,1,0,0,0,0,1
CUST_0529,male,33,317,4,6,508.7625,629.11,3,5.5,0.25,mobile,jeans,shirt,shoes,0,0,0,2,1,1,0,0,0,0
CUST_0530,male,31,130,3,33,488.3,720.04,3,8.333333333333334,0.6666666666666666,mobile,jeans,shirt,t-shirt,0,0,0,1,1,0,0,0,0,1
CUST_0532,male,30,201,5,5,359.264,552.54,3,5.6,0.2,mobile,jeans,shoes,t-shirt,0,0,0,2,0,2,0,0,0,1
CUST_0533,male,31,151,1,62,460.05,460.05,1,8.0,0.0,mobile,t-shirt,unknown,unknown,0,0,0,0,0,0,0,0,0,1
CUST_0534,male,37,29,1,29,680.62,680.62,1,6.0,1.0,mobile,shirt,unknown,unknown,0,0,0,0,1,0,0,0,0,0
CUST_0535,male,37,278,5,96,504.566,629.11,3,3.6,0.0,mobile,jeans,t-shirt,shirt,0,0,0,2,1,0,0,0,0,2
CUST_0536,male,39,364,1,152,296.49,296.49,1,3.0,1.0,mobile,jeans,unknown,unknown,0,0,0,1,0,0,0,0,0,0
CUST_0537,female,42,302,2,47,555.2,614.42,2,6.0,0.0,desktop,shirt,t-shirt,unknown,0,0,0,0,1,0,0,0,0,1
CUST_0538,male,39,513,1,82,313.26,313.26,1,1.0,0.0,desktop,shirt,unknown,unknown,0,0,0,0,1,0,0,0,0,0
CUST_0539,male,41,164,4,36,481.615,656.0,3,5.25,0.0,desktop,jeans,shirt,t-shirt,0,0,0,2,1,0,0,0,0,1
CUST_0540,female,37,285,3,24,320.2733333333333,423.89,2,4.666666666666667,0.0,mobile,jeans,shoes,unknown,0,0,0,2,0,1,0,0,0,0
CUST_0541,male,33,167,1,26,298.85,298.85,1,13.0,0.0,desktop,t-shirt,unknown,unknown,0,0,0,0,0,0,0,0,0,1
CUST_0542,male,37,24,1,19,614.42,614.42,1,6.0,0.0,mobile,shirt,unknown,unknown,0,0,0,0,1,0,0,0,0,0
CUST_0544,male,36,151,3,25,575.51,629.11,2,7.0,0.6666666666666666,mobile,shirt,jeans,unknown,0,0,0,1,2,0,0,0,0,0
CUST_0545,male,34,252,1,110,614.42,614.42,1,5.0,0.0,mobile,shirt,unknown,unknown,0,0,0,0,1,0,0,0,0,0
CUST_0546,male,36,322,2,19,364.555,629.11,2,8.0,0.0,mobile,jeans,shoes,unknown,0,0,0,1,0,1,0,0,0,0
CUST_0547,male,37,119,1,26,281.75,281.75,1,4.0,1.0,mobile,jeans,unknown,unknown,0,0,0,1,0,0,0,0,0,0
CUST_0548,male,38,190,3,40,449.1233333333333,552.54,1,4.333333333333333,0.3333333333333333,mobile,t-shirt,unknown,unknown,0,0,0,0,0,0,0,0,0,3
CUST_0550,male,38,117,5,75,381.886,680.62,3,6.2,0.4,mobile,shirt,jeans,shoes,0,0,0,1,3,1,0,0,0,0
CUST_0551,male,34,178,4,21,290.925,543.99,3,4.0,0.5,mobile,t-shirt,jeans,shoes,0,0,0,1,0,1,0,0,0,2
CUST_0552,male,41,199,3,75,572.1933333333333,680.62,2,5.666666666666667,0.3333333333333333,desktop,shirt,t-shirt,unknown,0,0,0,0,2,0,0,0,0,1
CUST_0553,female,43,101,1,52,656.0,656.0,1,6.0,0.0,desktop,jeans,unknown,unknown,0,0,0,1,0,0,0,0,0,0
CUST_0554,male,41,234,2,106,410.02,720.04,2,4.0,0.0,desktop,shoes,t-shirt,unknown,0,0,0,0,0,1,0,0,0,1
CUST_0555,male,33,204,3,61,385.5166666666667,495.98,2,4.666666666666667,0.3333333333333333,mobile,t-shirt,jeans,unknown,0,0,0,1,0,0,0,0,0,2
CUST_0556,male,36,380,5,12,454.10600000000005,587.33,3,4.0,0.2,mobile,shirt,t-shirt,jeans,0,0,0,1,2,0,0,0,0,2
CUST_0557,male,39,142,3,26,432.06,615.63,2,5.0,0.0,mobile,shoes,jeans,unknown,0,0,0,1,0,2,0,0,0,0
CUST_0558,male,36,173,6,5,465.1366666666667,736.7,4,5.166666666666667,0.16666666666666666,mobile,shirt,jeans,shoes,0,0,0,1,3,1,0,0,0,1
CUST_0559,male,36,270,2,24,430.82000000000005,686.44,2,8.5,0.0,desktop,jeans,t-shirt,unknown,0,0,0,1,0,0,0,0,0,1
CUST_0560,male,32,187,3,33,379.6333333333334,463.11,2,6.0,0.0,desktop,shirt,t-shirt,unknown,0,0,0,0,2,0,0,0,0,1
CUST_0561,male,32,86,2,39,321.995,543.99,2,3.5,0.5,desktop,shoes,t-shirt,unknown,0,0,0,0,0,1,0,0,0,1
CUST_0562,male,36,266,1,60,686.44,686.44,1,7.0,0.0,mobile,t-shirt,unknown,unknown,0,0,0,0,0,0,0,0,0,1
CUST_0563,male,36,557,1,80,298.85,298.85,1,3.0,0.0,desktop,t-shirt,unknown,unknown,0,0,0,0,0,0,0,0,0,1
CUST_0564,male,43,667,1,96,316.07,316.07,1,4.0,0.0,desktop,shoes,unknown,unknown,0,0,0,0,0,1,0,0,0,0
CUST_0565,male,39,300,1,81,720.04,720.04,1,5.0,0.0,desktop,t-shirt,unknown,unknown,0,0,0,0,0,0,0,0,0,1
CUST_0566,male,39,252,3,15,601.7399999999999,676.88,2,4.666666666666667,0.6666666666666666,mobile,shirt,shoes,unknown,0,0,0,0,2,1,0,0,0,0
CUST_0567,male,40,130,5,12,482.60600000000005,676.88,3,3.2,0.4,desktop,jeans,t-shirt,shoes,0,0,0,2,0,1,0,0,0,2
CUST_0568,male,33,93,3,40,249.88666666666666,333.59,2,6.0,0.0,mobile,shoes,jeans,unknown,0,0,0,1,0,2,0,0,0,0
CUST_0569,male,36,201,5,16,513.186,686.44,2,5.8,0.2,mobile,t-shirt,shirt,unknown,0,0,0,0,2,0,0,0,0,3
CUST_0570,male,38,64,1,47,680.62,680.62,1,2.0,0.0,mobile,shirt,unknown,unknown,0,0,0,0,1,0,0,0,0,0
CUST_0571,female,41,184,3,61,404.4166666666667,517.94,2,4.333333333333333,0.3333333333333333,mobile,jeans,shirt,unknown,0,0,0,2,1,0,0,0,0,0
CUST_0572,male,36,379,5,14,365.34399999999994,583.5,4,5.0,0.2,desktop,shirt,jeans,shoes,0,0,0,1,2,1,0,0,0,1
CUST_0573,male,40,498,1,47,313.26,313.26,1,3.0,1.0,mobile,shirt,unknown,unknown,0,0,0,0,1,0,0,0,0,0
CUST_0574,unknown,39,190,2,54,326.27,552.54,2,4.5,0.5,desktop,shoes,t-shirt,unknown,0,0,0,0,0,1,0,0,0,1
CUST_0575,male,38,107,5,12,471.91999999999996,686.44,2,5.8,0.2,mobile,t-shirt,jeans,unknown,0,0,0,1,0,0,0,0,0,4
CUST_0577,male,37,18,2,18,500.41,686.44,2,7.0,0.0,mobile,shirt,t-shirt,unknown,0,0,0,0,1,0,0,0,0,1
CUST_0579,male,33,325,1,61,736.7,736.7,1,4.0,0.0,mobile,shirt,unknown,unknown,0,0,0,0,1,0,0,0,0,0
CUST_0580,male,37,45,1,45,676.88,676.88,1,9.0,1.0,mobile,shoes,unknown,unknown,0,0,0,0,0,1,0,0,0,0
CUST_0581,male,41,241,1,88,543.99,543.99,1,7.0,0.0,mobile,t-shirt,unknown,unknown,0,0,0,0,0,0,0,0,0,1
CUST_0582,male,45,388,3,26,625.3733333333333,736.7,2,6.333333333333333,0.0,mobile,shirt,jeans,unknown,0,0,0,1,2,0,0,0,0,0
CUST_0583,unknown,37,190,2,152,654.865,680.62,2,5.0,0.5,mobile,jeans,shirt,unknown,0,0,0,1,1,0,0,0,0,0
CUST_0584,male,39,77,2,75,364.555,629.11,2,5.0,0.5,desktop,jeans,shoes,unknown,0,0,0,1,0,1,0,0,0,0
CUST_0585,unknown,38,390,2,33,595.4,676.88,2,7.0,0.0,desktop,shirt,shoes,unknown,0,0,0,0,1,1,0,0,0,0
CUST_0586,unknown,31,367,2,74,480.78,629.11,2,3.0,0.0,mobile,jeans,t-shirt,unknown,0,0,0,1,0,0,0,0,0,1
CUST_0587,unknown,35,272,1,12,614.42,614.42,1,6.0,1.0,mobile,shirt,unknown,unknown,0,0,0,0,1,0,0,0,0,0
CUST_0588,female,31,252,2,40,583.48,614.42,2,3.5,0.0,mobile,shirt,t-shirt,unknown,0,0,0,0,1,0,0,0,0,1
CUST_0589,male,34,159,4,46,489.64750000000004,686.44,3,5.0,0.25,mobile,jeans,shirt,t-shirt,0,0,0,2,1,0,0,0,0,1
CUST_0590,unknown,34,202,1,33,384.06,384.06,1,11.0,0.0,mobile,shoes,unknown,unknown,0,0,0,0,0,1,0,0,0,0
CUST_0591,male,41,454,1,98,100.0,100.0,1,6.0,0.0,mobile,shoes,unknown,unknown,0,0,0,0,0,1,0,0,0,0
CUST_0592,male,32,241,4,4,375.71,587.33,3,5.5,0.25,desktop,shoes,jeans,t-shirt,0,0,0,1,0,2,0,0,0,1
CUST_0593,female,43,71,3,52,413.62999999999994,629.11,3,8.666666666666666,0.0,mobile,jeans,shoes,t-shirt,0,0,0,1,0,1,0,0,0,1
CUST_0594,male,41,167,1,51,552.54,552.54,1,7.0,0.0,desktop,t-shirt,unknown,unknown,0,0,0,0,0,0,0,0,0,1
CUST_0595,male,38,180,4,25,464.78999999999996,736.7,4,6.25,0.25,desktop,jeans,shirt,shoes,0,0,0,1,1,1,0,0,0,1
CUST_0596,male,38,218,2,75,481.35,629.11,1,4.5,0.5,mobile,jeans,unknown,unknown,0,0,0,2,0,0,0,0,0,0
CUST_0597,male,42,124,5,33,402.212,676.88,4,6.4,0.4,mobile,shirt,jeans,shoes,0,0,0,1,2,1,0,0,0,1
CUST_0598,male,41,307,2,12,406.08000000000004,543.99,2,6.0,0.5,desktop,jeans,t-shirt,unknown,0,0,0,1,0,0,0,0,0,1
CUST_0599,male,39,168,2,60,451.0,517.94,2,2.5,0.5,mobile,shirt,shoes,unknown,0,0,0,0,1,1,0,0,0,0
CUST_0600,male,37,252,4,26,333.005,583.5,3,5.0,0.0,desktop,shirt,shoes,t-shirt,0,0,0,0,2,1,0,0,0,1
CUST_0601,male,37,436,2,33,409.345,505.43,2,6.5,0.0,mobile,shirt,shoes,unknown,0,0,0,0,1,1,0,0,0,0
CUST_0602,male,36,140,1,59,463.11,463.11,1,7.0,0.0,desktop,shirt,unknown,unknown,0,0,0,0,1,0,0,0,0,0
CUST_0603,male,40,296,3,26,426.82,614.42,3,4.0,0.3333333333333333,mobile,jeans,shirt,t-shirt,0,0,0,1,1,0,0,0,0,1
CUST_0604,male,41,81,3,19,448.4866666666667,583.5,2,5.666666666666667,0.3333333333333333,mobile,shirt,t-shirt,unknown,0,0,0,0,2,0,0,0,0,1
CUST_0605,female,38,86,1,86,517.94,517.94,1,6.0,0.0,mobile,shirt,unknown,unknown,0,0,0,0,1,0,0,0,0,0
CUST_0606,male,42,107,1,103,495.98,495.98,1,3.0,0.0,mobile,t-shirt,unknown,unknown,0,0,0,0,0,0,0,0,0,1
CUST_0608,male,44,300,3,11,465.35666666666674,676.88,3,6.0,0.0,mobile,jeans,shoes,t-shirt,0,0,0,1,0,1,0,0,0,1
CUST_0609,male,40,171,4,19,548.63,720.04,3,4.5,0.0,mobile,t-shirt,shirt,shoes,0,0,0,0,1,1,0,0,0,2
CUST_0610,unknown,43,307,1,110,314.38,314.38,1,8.0,0.0,desktop,shirt,unknown,unknown,0,0,0,0,1,0,0,0,0,0
CUST_0611,male,41,161,2,88,508.265,720.04,2,3.5,0.0,desktop,jeans,t-shirt,unknown,0,0,0,1,0,0,0,0,0,1
CUST_0612,male,37,376,3,6,336.71,614.42,3,6.0,0.0,mobile,shirt,shoes,t-shirt,0,0,0,0,1,1,0,0,0,1
CUST_0613,male,31,217,3,5,462.2633333333333,615.63,3,6.333333333333333,0.0,mobile,jeans,shoes,t-shirt,0,0,0,1,0,1,0,0,0,1
CUST_0614,unknown,40,462,2,12,371.44,426.81,2,5.5,0.0,mobile,shoes,t-shirt,unknown,0,0,0,0,0,1,0,0,0,1
CUST_0615,male,37,308,2,63,388.44,676.88,1,9.0,0.0,mobile,shoes,unknown,unknown,0,0,0,0,0,2,0,0,0,0
CUST_0616,unknown,41,235,3,18,556.7566666666667,676.88,3,4.666666666666667,0.0,mobile,jeans,shirt,shoes,0,0,0,1,1,1,0,0,0,0
CUST_0617,female,37,319,1,33,505.43,505.43,1,5.0,0.0,mobile,shoes,unknown,unknown,0,0,0,0,0,1,0,0,0,0
CUST_0618,male,33,185,2,26,439.67500000000007,517.94,2,4.0,0.5,desktop,shirt,t-shirt,unknown,0,0,0,0,1,0,0,0,0,1
CUST_0620,female,38,258,1,19,361.72,361.72,1,5.0,0.0,mobile,jeans,unknown,unknown,0,0,0,1,0,0,0,0,0,0
CUST_0621,male,44,104,1,33,361.72,361.72,1,9.0,0.0,mobile,jeans,unknown,unknown,0,0,0,1,0,0,0,0,0,0
CUST_0622,male,36,578,2,28,281.94,295.71,2,3.5,0.5,mobile,jeans,t-shirt,unknown,0,0,0,1,0,0,0,0,0,1
CUST_0623,male,42,50,3,47,421.6466666666667,513.92,1,6.0,0.3333333333333333,mobile,shirt,unknown,unknown,0,0,0,0,3,0,0,0,0,0
CUST_0624,male,40,217,3,11,391.9466666666667,517.94,3,6.333333333333333,0.3333333333333333,mobile,jeans,shirt,t-shirt,0,0,0,1,1,0,0,0,0,1
CUST_0625,female,38,223,2,19,468.865,720.04,1,6.5,0.5,desktop,t-shirt,unknown,unknown,0,0,0,0,0,0,0,0,0,2
CUST_0626,male,31,49,2,47,300.31,332.45,2,5.0,0.5,mobile,jeans,t-shirt,unknown,0,0,0,1,0,0,0,0,0,1
CUST_0627,male,44,38,4,4,465.7075,614.42,3,5.0,0.25,mobile,shirt,jeans,t-shirt,0,0,0,1,2,0,0,0,0,1
CUST_0628,male,35,131,3,68,427.3633333333334,517.94,3,7.666666666666667,0.0,mobile,jeans,shirt,t-shirt,0,0,0,1,1,0,0,0,0,1
CUST_0629,unknown,37,254,1,85,314.38,314.38,1,3.0,1.0,mobile,shirt,unknown,unknown,0,0,0,0,1,0,0,0,0,0
CUST_0630,female,39,196,4,33,435.47,543.99,3,4.25,0.0,desktop,shirt,jeans,t-shirt,0,0,0,1,2,0,0,0,0,1
CUST_0631,male,37,100,1,89,332.45,332.45,1,3.0,0.0,mobile,t-shirt,unknown,unknown,0,0,0,0,0,0,0,0,0,1
CUST_0632,unknown,33,458,3,60,566.4633333333333,720.04,1,5.333333333333333,0.0,mobile,t-shirt,unknown,unknown,0,0,0,0,0,0,0,0,0,3
CUST_0634,male,35,408,2,75,422.57000000000005,483.42,2,4.5,0.5,desktop,jeans,shirt,unknown,0,0,0,1,1,0,0,0,0,0
CUST_0635,male,35,189,3,3,365.08666666666664,483.42,2,7.0,0.0,mobile,shirt,jeans,unknown,0,0,0,1,2,0,0,0,0,0
CUST_0637,male,44,258,2,50,509.44500000000005,686.44,1,4.5,0.0,desktop,t-shirt,unknown,unknown,0,0,0,0,0,0,0,0,0,2
CUST_0639,male,35,395,3,26,238.0666666666667,332.45,3,6.666666666666667,0.3333333333333333,desktop,jeans,shoes,t-shirt,0,0,0,1,0,1,0,0,0,1
CUST_0640,female,40,426,1,38,100.0,100.0,1,6.0,0.0,mobile,shoes,unknown,unknown,0,0,0,0,0,1,0,0,0,0
CUST_0641,male,64,199,15,38,2154.1686666666665,2713.88,4,5.4,0.26666666666666666,desktop,blouse,suit,shoes,5,0,0,0,0,3,0,2,5,0
CUST_0642,male,61,23,15,23,2165.992,2754.94,4,5.466666666666667,0.26666666666666666,desktop,slacks,shoes,suit,2,0,0,0,0,3,0,7,3,0
CUST_0643,male,66,192,8,93,2381.2174999999997,2916.36,4,6.0,0.375,desktop,shoes,slacks,blouse,1,0,0,0,0,3,0,3,1,0
CUST_0644,female,62,295,9,37,1929.4244444444444,2359.11,4,5.444444444444445,0.0,desktop,slacks,blouse,shoes,2,0,0,0,0,2,0,4,1,0
CUST_0645,female,64,510,9,86,2430.8322222222223,2754.94,4,5.555555555555555,0.0,desktop,suit,blouse,shoes,2,0,0,0,0,2,0,2,3,0
CUST_0646,male,66,333,8,76,1960.84625,2312.6,4,5.5,0.125,desktop,shoes,slacks,suit,1,0,0,0,0,3,0,2,2,0
CUST_0647,unknown,60,116,3,115,2458.9,2670.57,3,5.666666666666667,0.0,desktop,shoes,slacks,suit,0,0,0,0,0,1,0,1,1,0
CUST_0648,male,69,322,12,73,2055.89,2881.61,4,5.166666666666667,0.08333333333333333,desktop,suit,blouse,shoes,3,0,0,0,0,3,0,2,4,0
CUST_0649,female,64,295,9,49,2145.1755555555555,2639.64,4,6.222222222222222,0.3333333333333333,desktop,suit,blouse,shoes,3,0,0,0,0,1,0,1,4,0
CUST_0650,unknown,63,204,12,31,2276.2675,2870.68,4,5.25,0.25,desktop,shoes,blouse,suit,3,0,0,0,0,4,0,2,3,0
CUST_0651,female,69,97,10,51,2024.64,2565.69,4,4.7,0.2,desktop,shoes,slacks,blouse,2,0,0,0,0,4,0,3,1,0
CUST_0652,male,59,208,6,53,2244.21,2670.57,3,5.333333333333333,0.16666666666666666,desktop,suit,slacks,shoes,0,0,0,0,0,1,0,2,3,0
CUST_0653,male,68,167,11,10,2265.7072727272725,2736.77,4,5.181818181818182,0.36363636363636365,desktop,shoes,blouse,slacks,3,0,0,0,0,4,0,3,1,0
CUST_0654,female,63,365,9,94,2175.67,2665.14,4,6.333333333333333,0.3333333333333333,desktop,slacks,blouse,shoes,2,0,0,0,0,2,0,3,2,0
CUST_0655,male,62,341,10,45,2192.5510000000004,2639.64,4,4.9,0.4,desktop,blouse,shoes,slacks,3,0,0,0,0,3,0,3,1,0
CUST_0656,male,60,344,7,30,1994.7742857142857,2398.01,4,6.142857142857143,0.5714285714285714,desktop,shoes,slacks,suit,1,0,0,0,0,2,0,2,2,0
CUST_0657,male,71,365,9,66,2240.4477777777774,2713.88,4,6.555555555555555,0.2222222222222222,desktop,blouse,slacks,shoes,3,0,0,0,0,2,0,3,1,0
CUST_0658,female,62,128,11,71,2103.7909090909093,2916.36,4,5.545454545454546,0.18181818181818182,desktop,slacks,shoes,suit,1,0,0,0,0,3,0,4,3,0
CUST_0659,female,64,182,13,10,2067.7184615384617,2450.27,4,5.6923076923076925,0.15384615384615385,desktop,blouse,suit,shoes,4,0,0,0,0,3,0,2,4,0
CUST_0660,male,66,176,9,62,2200.091111111111,2754.94,4,5.444444444444445,0.1111111111111111,desktop,suit,shoes,blouse,1,0,0,0,0,2,0,1,5,0
CUST_0661,female,63,132,4,97,2178.5225,2484.72,2,4.0,0.25,desktop,shoes,suit,unknown,0,0,0,0,0,2,0,0,2,0
CUST_0662,male,59,150,11,31,1957.4836363636364,2571.97,3,5.181818181818182,0.18181818181818182,desktop,blouse,suit,shoes,6,0,0,0,0,2,0,0,3,0
CUST_0663,female,66,180,11,58,2165.590909090909,2573.69,4,5.090909090909091,0.45454545454545453,desktop,blouse,slacks,suit,3,0,0,0,0,2,0,3,3,0
CUST_0664,male,70,347,6,31,2411.6533333333336,2881.61,3,5.166666666666667,0.16666666666666666,desktop,shoes,slacks,suit,0,0,0,0,0,2,0,2,2,0
CUST_0665,female,65,108,4,108,2316.9475,2699.73,3,5.5,0.75,desktop,blouse,shoes,suit,2,0,0,0,0,1,0,0,1,0
CUST_0666,female,70,483,8,43,2055.51875,2736.77,3,5.125,0.125,desktop,shoes,suit,slacks,0,0,0,0,0,3,0,2,3,0
CUST_0667,female,67,151,8,45,2318.6,2870.68,3,6.25,0.125,desktop,blouse,suit,shoes,5,0,0,0,0,1,0,0,2,0
CUST_0668,male,68,229,8,70,2173.69,2639.64,3,5.0,0.5,desktop,shoes,blouse,slacks,2,0,0,0,0,4,0,2,0,0
CUST_0669,male,70,391,8,63,2030.42125,2754.94,4,5.75,0.125,desktop,slacks,shoes,suit,1,0,0,0,0,2,0,3,2,0
CUST_0670,unknown,58,229,19,55,2293.5863157894737,2916.36,4,6.105263157894737,0.2631578947368421,desktop,slacks,blouse,suit,5,0,0,0,0,2,0,7,5,0
CUST_0671,male,59,182,8,52,2201.135,2699.73,3,4.625,0.375,desktop,slacks,shoes,suit,0,0,0,0,0,3,0,4,1,0
CUST_0672,female,65,167,16,38,2004.268125,2460.09,4,5.6875,0.375,desktop,shoes,slacks,blouse,3,0,0,0,0,6,0,6,1,0
CUST_0673,female,63,146,17,28,2085.4194117647057,2717.27,4,5.647058823529412,0.29411764705882354,desktop,suit,shoes,blouse,3,0,0,0,0,4,0,2,8,0
CUST_0674,female,60,228,4,24,2252.6425,2736.77,2,7.0,0.25,desktop,shoes,slacks,unknown,0,0,0,0,0,3,0,1,0,0
CUST_0675,female,67,311,16,14,2076.81125,2450.27,4,5.625,0.1875,desktop,blouse,slacks,suit,5,0,0,0,0,2,0,5,4,0
CUST_0676,female,68,440,7,34,2226.172857142857,2664.28,4,4.428571428571429,0.0,desktop,shoes,suit,blouse,1,0,0,0,0,3,0,1,2,0
CUST_0677,male,69,317,10,47,2280.723,2670.57,4,5.7,0.1,desktop,suit,slacks,blouse,1,0,0,0,0,1,0,3,5,0
CUST_0678,female,66,195,6,35,2266.0416666666665,2699.73,2,5.5,0.5,desktop,slacks,suit,unknown,0,0,0,0,0,0,0,3,3,0
CUST_0679,male,63,196,12,80,2245.9416666666666,2713.88,4,5.25,0.25,desktop,slacks,shoes,suit,2,0,0,0,0,3,0,4,3,0
CUST_0680,female,65,269,5,55,2149.31,2870.68,2,6.2,0.2,desktop,blouse,shoes,unknown,4,0,0,0,0,1,0,0,0,0
CUST_0681,female,59,415,15,65,2257.712,2736.77,4,5.066666666666666,0.3333333333333333,desktop,suit,shoes,blouse,2,0,0,0,0,5,0,2,6,0
CUST_0682,female,67,294,5,37,2060.4379999999996,2571.97,3,5.4,0.0,desktop,blouse,suit,shoes,2,0,0,0,0,1,0,0,2,0
CUST_0683,female,55,416,7,71,2383.7714285714287,2916.36,3,3.7142857142857144,0.14285714285714285,desktop,slacks,suit,shoes,0,0,0,0,0,1,0,4,2,0
CUST_0684,male,63,175,13,37,2158.665384615385,2713.88,4,6.0,0.07692307692307693,desktop,slacks,shoes,suit,2,0,0,0,0,3,0,5,3,0
CUST_0685,female,68,108,14,56,2201.31,2736.77,4,5.142857142857143,0.35714285714285715,desktop,blouse,slacks,shoes,5,0,0,0,0,2,0,5,2,0
CUST_0686,male,75,132,7,93,2350.632857142857,2916.36,4,6.428571428571429,0.0,desktop,shoes,slacks,suit,1,0,0,0,0,2,0,2,2,0
CUST_0687,female,62,45,10,45,2215.4790000000003,2754.94,4,4.9,0.2,desktop,suit,slacks,shoes,1,0,0,0,0,2,0,3,4,0
CUST_0688,female,68,278,9,66,1985.6555555555558,2664.28,4,4.666666666666667,0.0,desktop,slacks,suit,blouse,2,0,0,0,0,1,0,3,3,0
CUST_0689,male,65,131,10,62,2337.602,2754.94,4,5.8,0.3,desktop,suit,shoes,slacks,1,0,0,0,0,2,0,2,5,0
CUST_0690,male,60,136,11,65,2253.8481818181817,2754.94,4,7.2727272727272725,0.18181818181818182,desktop,suit,shoes,blouse,2,0,0,0,0,3,0,1,5,0
CUST_0691,female,66,337,14,64,2062.799285714286,2639.64,4,5.714285714285714,0.2857142857142857,desktop,slacks,blouse,shoes,4,0,0,0,0,3,0,6,1,0
CUST_0692,male,66,317,10,30,2419.56,2670.57,4,5.3,0.2,desktop,slacks,suit,blouse,1,0,0,0,0,1,0,5,3,0
CUST_0693,female,67,320,5,20,1913.72,2312.6,4,4.8,0.0,desktop,slacks,blouse,shoes,1,0,0,0,0,1,0,2,1,0
CUST_0694,female,66,156,12,39,2092.563333333333,2664.28,4,4.416666666666667,0.3333333333333333,desktop,slacks,blouse,shoes,3,0,0,0,0,2,0,5,2,0
CUST_0695,female,60,80,5,63,2246.016,2881.61,3,6.6,0.0,desktop,suit,shoes,slacks,0,0,0,0,0,1,0,1,3,0
CUST_0696,female,64,304,5,37,1990.836,2211.4,3,5.4,0.6,desktop,shoes,blouse,slacks,1,0,0,0,0,3,0,1,0,0
CUST_0697,unknown,65,215,6,64,2290.7316666666666,2664.28,2,4.833333333333333,0.16666666666666666,desktop,slacks,blouse,unknown,1,0,0,0,0,0,0,5,0,0
CUST_0698,male,59,242,9,55,2161.5755555555556,2736.77,4,4.666666666666667,0.2222222222222222,desktop,shoes,blouse,slacks,2,0,0,0,0,3,0,2,2,0
CUST_0699,male,68,81,5,45,2049.084,2736.77,3,6.0,0.0,desktop,blouse,shoes,suit,2,0,0,0,0,2,0,0,1,0
CUST_0700,male,68,261,15,38,2103.0006666666663,2881.61,4,5.733333333333333,0.4,desktop,shoes,slacks,suit,2,0,0,0,0,6,0,4,3,0
CUST_0701,male,66,160,16,45,2284.250625,2881.61,4,4.625,0.25,desktop,slacks,blouse,suit,4,0,0,0,0,3,0,5,4,0
CUST_0702,unknown,68,435,6,52,2359.945,2717.27,3,6.166666666666667,0.16666666666666666,desktop,slacks,suit,shoes,0,0,0,0,0,1,0,3,2,0
CUST_0703,female,69,244,11,16,2061.768181818182,2406.16,4,5.363636363636363,0.2727272727272727,desktop,shoes,slacks,suit,2,0,0,0,0,3,0,3,3,0
CUST_0704,female,69,272,6,43,2270.728333333333,2494.73,2,4.666666666666667,0.16666666666666666,desktop,suit,slacks,unknown,0,0,0,0,0,0,0,2,4,0
CUST_0705,male,68,222,7,56,2250.982857142857,2870.68,3,5.142857142857143,0.14285714285714285,desktop,suit,blouse,slacks,2,0,0,0,0,0,0,2,3,0
CUST_0706,male,71,390,5,51,2155.248,2665.14,3,4.6,0.0,desktop,suit,shoes,slacks,0,0,0,0,0,1,0,1,3,0
CUST_0707,female,68,242,12,45,2197.105,2717.27,4,6.0,0.16666666666666666,desktop,suit,slacks,blouse,2,0,0,0,0,2,0,3,5,0
CUST_0708,male,75,481,9,45,2348.7011111111115,2870.68,4,5.333333333333333,0.3333333333333333,desktop,slacks,blouse,suit,2,0,0,0,0,1,0,4,2,0
CUST_0709,unknown,68,242,10,65,2234.245,2881.61,4,6.3,0.1,desktop,shoes,suit,slacks,1,0,0,0,0,4,0,2,3,0
CUST_0710,female,69,260,9,45,2240.6744444444444,2736.77,4,5.111111111111111,0.3333333333333333,desktop,slacks,shoes,suit,1,0,0,0,0,2,0,4,2,0
CUST_0711,male,71,425,10,70,2088.543,2565.69,3,6.5,0.1,desktop,slacks,blouse,suit,3,0,0,0,0,0,0,6,1,0
CUST_0712,male,57,426,7,45,2258.86,2534.45,3,5.0,0.2857142857142857,desktop,slacks,blouse,suit,2,0,0,0,0,0,0,4,1,0
CUST_0713,female,65,195,7,69,2236.154285714286,2699.73,4,7.142857142857143,0.0,desktop,suit,blouse,shoes,2,0,0,0,0,1,0,1,3,0
CUST_0714,female,67,278,12,73,2255.6341666666667,2916.36,4,5.583333333333333,0.3333333333333333,desktop,slacks,blouse,suit,3,0,0,0,0,2,0,4,3,0
CUST_0715,male,61,135,16,31,2203.11,2881.61,4,5.125,0.125,desktop,suit,blouse,shoes,4,0,0,0,0,3,0,1,8,0
CUST_0716,unknown,63,106,12,92,2100.17,2665.14,4,5.833333333333333,0.16666666666666666,desktop,slacks,blouse,suit,3,0,0,0,0,2,0,4,3,0
CUST_0717,unknown,55,149,5,10,2197.532,2736.77,3,5.6,0.4,desktop,shoes,slacks,blouse,1,0,0,0,0,2,0,2,0,0
CUST_0718,male,60,317,11,72,2180.8081818181818,2916.36,4,5.363636363636363,0.09090909090909091,desktop,blouse,slacks,shoes,4,0,0,0,0,2,0,4,1,0
CUST_0719,male,68,276,9,72,2122.7322222222224,2670.8,4,5.888888888888889,0.2222222222222222,desktop,shoes,blouse,slacks,2,0,0,0,0,3,0,2,2,0
CUST_0720,female,69,100,6,73,2032.9716666666666,2494.73,4,6.333333333333333,0.0,desktop,shoes,suit,blouse,1,0,0,0,0,2,0,1,2,0
CUST_0721,male,65,474,9,57,2063.6433333333334,2406.16,4,4.777777777777778,0.2222222222222222,desktop,blouse,shoes,slacks,3,0,0,0,0,2,0,2,2,0
CUST_0722,male,62,455,11,51,2217.6,2670.57,4,7.2727272727272725,0.2727272727272727,desktop,shoes,suit,blouse,2,0,0,0,0,4,0,2,3,0
CUST_0723,male,70,51,7,51,2359.2214285714285,2639.64,4,5.428571428571429,0.2857142857142857,desktop,shoes,blouse,slacks,2,0,0,0,0,3,0,1,1,0
CUST_0724,unknown,58,551,5,52,2091.56,2717.27,4,5.2,0.2,desktop,slacks,blouse,shoes,1,0,0,0,0,1,0,2,1,0
CUST_0725,male,69,211,13,36,2118.173076923077,2717.27,4,6.461538461538462,0.07692307692307693,desktop,suit,shoes,slacks,2,0,0,0,0,3,0,3,5,0
CUST_0726,female,63,220,14,63,2174.967857142857,2870.68,4,6.142857142857143,0.21428571428571427,desktop,slacks,shoes,blouse,3,0,0,0,0,4,0,5,2,0
CUST_0727,female,66,385,10,70,2152.952,2670.57,4,5.5,0.1,desktop,blouse,suit,shoes,4,0,0,0,0,1,0,1,4,0
CUST_0728,female,71,110,7,66,2140.94,2670.8,4,6.428571428571429,0.2857142857142857,desktop,blouse,suit,shoes,3,0,0,0,0,1,0,1,2,0
CUST_0729,female,68,87,9,55,2249.327777777778,2670.8,4,5.555555555555555,0.2222222222222222,desktop,slacks,blouse,shoes,2,0,0,0,0,1,0,5,1,0
CUST_0730,female,65,251,9,80,2290.4066666666668,2754.94,4,4.333333333333333,0.2222222222222222,desktop,suit,blouse,shoes,2,0,0,0,0,2,0,2,3,0
CUST_0731,male,72,191,10,44,2233.84,2664.28,3,5.7,0.2,desktop,slacks,suit,shoes,0,0,0,0,0,2,0,4,4,0
CUST_0732,female,65,141,13,59,2310.21,2670.8,3,5.538461538461538,0.15384615384615385,desktop,shoes,suit,slacks,0,0,0,0,0,6,0,3,4,0
CUST_0733,female,74,81,12,9,2168.8775,2870.68,4,6.083333333333333,0.25,desktop,blouse,slacks,shoes,5,0,0,0,0,2,0,3,2,0
CUST_0734,male,71,26,8,24,2127.13375,2870.68,4,4.125,0.25,desktop,suit,blouse,slacks,2,0,0,0,0,1,0,2,3,0
CUST_0735,female,56,202,11,42,2218.0245454545457,2870.68,4,6.0,0.2727272727272727,desktop,slacks,blouse,shoes,3,0,0,0,0,2,0,5,1,0
CUST_0736,female,58,420,5,108,2045.1420000000003,2670.57,4,7.8,0.2,desktop,shoes,blouse,slacks,1,0,0,0,0,2,0,1,1,0
CUST_0737,female,62,108,9,93,2324.2277777777776,2916.36,4,4.666666666666667,0.0,desktop,slacks,suit,blouse,1,0,0,0,0,1,0,5,2,0
CUST_0738,unknown,61,112,15,13,2176.944,2571.97,4,5.533333333333333,0.13333333333333333,desktop,suit,slacks,blouse,3,0,0,0,0,3,0,4,5,0
CUST_0739,female,58,284,9,59,2345.688888888889,2870.68,3,5.0,0.2222222222222222,desktop,blouse,slacks,suit,4,0,0,0,0,0,0,3,2,0
CUST_0740,female,67,312,3,83,2432.9966666666664,2664.28,2,6.0,0.0,desktop,slacks,shoes,unknown,0,0,0,0,0,1,0,2,0,0
CUST_0741,female,68,477,6,101,2055.6716666666666,2754.94,3,4.5,0.0,desktop,blouse,shoes,suit,2,0,0,0,0,2,0,0,2,0
CUST_0742,male,62,53,15,45,2180.44,2665.14,4,5.466666666666667,0.2,desktop,suit,blouse,slacks,4,0,0,0,0,1,0,4,6,0
CUST_0743,male,63,299,9,17,2183.4377777777777,2717.27,3,7.777777777777778,0.0,desktop,suit,blouse,shoes,2,0,0,0,0,1,0,0,6,0
CUST_0744,male,60,91,7,73,2379.202857142857,2717.27,3,5.428571428571429,0.2857142857142857,desktop,suit,shoes,slacks,0,0,0,0,0,2,0,1,4,0
CUST_0745,female,64,109,9,31,2203.5955555555556,2639.64,4,5.111111111111111,0.2222222222222222,desktop,blouse,shoes,suit,4,0,0,0,0,2,0,1,2,0
CUST_0746,unknown,65,108,5,66,2111.4260000000004,2736.77,3,7.0,0.2,desktop,shoes,blouse,slacks,1,0,0,0,0,3,0,1,0,0
CUST_0747,female,59,27,6,27,2357.4500000000003,2870.68,4,6.666666666666667,0.0,desktop,suit,blouse,shoes,1,0,0,0,0,1,0,1,3,0
CUST_0748,unknown,66,590,11,78,2229.47,2717.27,4,5.545454545454546,0.2727272727272727,desktop,suit,blouse,shoes,2,0,0,0,0,2,0,2,5,0
CUST_0749,male,64,94,12,31,2117.1941666666667,2736.77,4,4.75,0.25,desktop,suit,blouse,shoes,3,0,0,0,0,3,0,1,5,0
CUST_0750,male,73,113,15,42,2147.9726666666666,2565.69,4,5.333333333333333,0.06666666666666667,desktop,shoes,slacks,blouse,3,0,0,0,0,6,0,4,2,0
CUST_0751,female,60,183,8,71,2118.795,2406.16,3,6.625,0.125,desktop,shoes,suit,blouse,2,0,0,0,0,3,0,0,3,0
CUST_0752,male,69,560,5,59,2392.594,2670.57,4,5.0,0.2,desktop,slacks,blouse,shoes,1,0,0,0,0,1,0,2,1,0
CUST_0753,male,71,253,13,17,2120.326153846154,2664.28,4,7.153846153846154,0.15384615384615385,desktop,suit,blouse,shoes,4,0,0,0,0,2,0,2,5,0
CUST_0754,male,63,239,14,52,2242.79,2881.61,4,5.642857142857143,0.14285714285714285,desktop,shoes,slacks,suit,2,0,0,0,0,5,0,4,3,0
CUST_0755,male,64,293,10,53,2179.4880000000003,2713.88,4,5.4,0.3,desktop,shoes,suit,blouse,2,0,0,0,0,3,0,2,3,0
CUST_0756,female,56,242,15,43,2357.2366666666667,2881.61,4,5.666666666666667,0.2,desktop,suit,shoes,blouse,2,0,0,0,0,4,0,2,7,0
CUST_0757,female,62,289,6,73,2280.0483333333336,2699.73,3,5.833333333333333,0.0,desktop,slacks,suit,shoes,0,0,0,0,0,1,0,3,2,0
CUST_0758,female,66,129,9,30,2383.6155555555556,2881.61,4,5.444444444444445,0.2222222222222222,desktop,shoes,slacks,suit,1,0,0,0,0,3,0,3,2,0
CUST_0759,male,61,296,10,38,2214.678,2565.69,3,6.0,0.1,desktop,slacks,blouse,shoes,3,0,0,0,0,2,0,5,0,0
CUST_0760,male,62,293,6,57,2143.2083333333335,2916.36,3,6.5,0.16666666666666666,desktop,slacks,blouse,shoes,2,0,0,0,0,1,0,3,0,0
CUST_0761,male,55,130,9,73,2074.7033333333334,2263.78,4,4.777777777777778,0.1111111111111111,desktop,blouse,shoes,slacks,4,0,0,0,0,2,0,2,1,0
CUST_0762,female,72,276,6,59,2407.9900000000002,2870.68,3,4.5,0.0,desktop,blouse,suit,slacks,3,0,0,0,0,0,0,1,2,0
CUST_0763,female,66,54,11,52,2331.267272727273,2670.57,4,5.545454545454546,0.09090909090909091,desktop,slacks,suit,shoes,1,0,0,0,0,2,0,4,4,0
CUST_0764,female,75,294,10,66,2237.759,2870.68,4,4.5,0.3,desktop,slacks,blouse,suit,3,0,0,0,0,1,0,4,2,0
CUST_0765,female,63,138,14,73,2214.2664285714286,2670.57,4,4.785714285714286,0.0,desktop,shoes,slacks,blouse,3,0,0,0,0,4,0,4,3,0
CUST_0766,male,64,342,8,42,2048.91125,2571.97,2,4.875,0.125,desktop,slacks,suit,unknown,0,0,0,0,0,0,0,6,2,0
CUST_0767,male,66,47,11,45,2107.6981818181816,2870.68,4,5.818181818181818,0.2727272727272727,desktop,blouse,shoes,slacks,5,0,0,0,0,2,0,2,2,0
CUST_0768,unknown,71,369,9,51,2330.42,2881.61,3,4.888888888888889,0.1111111111111111,desktop,suit,shoes,slacks,0,0,0,0,0,3,0,2,4,0
CUST_0769,female,75,418,12,56,2273.4491666666668,2916.36,4,5.916666666666667,0.3333333333333333,desktop,blouse,shoes,slacks,4,0,0,0,0,3,0,3,2,0
CUST_0770,male,65,233,10,69,1941.2990000000002,2390.2,3,6.0,0.1,desktop,shoes,blouse,suit,3,0,0,0,0,5,0,0,2,0
CUST_0771,female,68,496,9,14,2265.967777777778,2664.28,4,4.777777777777778,0.2222222222222222,desktop,slacks,shoes,blouse,1,0,0,0,0,2,0,5,1,0
CUST_0772,female,60,420,6,51,2138.7433333333333,2565.69,3,6.166666666666667,0.0,desktop,shoes,slacks,blouse,1,0,0,0,0,3,0,2,0,0
CUST_0773,female,66,152,11,35,2409.7000000000003,2881.61,4,4.636363636363637,0.09090909090909091,desktop,suit,blouse,shoes,3,0,0,0,0,3,0,1,4,0
CUST_0774,female,58,138,13,56,2265.4353846153845,2881.61,4,5.076923076923077,0.07692307692307693,desktop,suit,slacks,blouse,2,0,0,0,0,2,0,3,6,0
CUST_0775,male,71,467,14,49,2204.9021428571427,2916.36,4,4.785714285714286,0.2857142857142857,desktop,slacks,shoes,suit,2,0,0,0,0,4,0,5,3,0
CUST_0776,male,60,363,10,57,2135.893,2881.61,4,5.6,0.3,desktop,blouse,slacks,suit,5,0,0,0,0,1,0,2,2,0
CUST_0777,male,67,411,3,52,2168.5766666666664,2534.45,3,4.0,0.3333333333333333,desktop,shoes,slacks,suit,0,0,0,0,0,1,0,1,1,0
CUST_0778,male,59,380,9,63,2204.5655555555554,2665.14,3,4.888888888888889,0.2222222222222222,desktop,suit,shoes,slacks,0,0,0,0,0,3,0,1,5,0
CUST_0779,female,58,258,5,101,2179.578,2699.73,2,5.6,0.0,desktop,suit,slacks,unknown,0,0,0,0,0,0,0,1,4,0
CUST_0780,male,63,28,14,28,2259.805,2916.36,4,4.571428571428571,0.35714285714285715,desktop,suit,shoes,slacks,1,0,0,0,0,4,0,3,6,0
CUST_0781,male,67,441,3,164,2334.5533333333333,2394.49,3,3.6666666666666665,0.0,desktop,blouse,slacks,suit,1,0,0,0,0,0,0,1,1,0
CUST_0782,male,61,179,11,70,2248.491818181818,2736.77,4,5.2727272727272725,0.18181818181818182,desktop,shoes,blouse,slacks,2,0,0,0,0,5,0,2,2,0
CUST_0783,male,59,398,5,108,2206.184,2494.73,4,5.0,0.0,desktop,shoes,blouse,slacks,1,0,0,0,0,2,0,1,1,0
CUST_0784,female,66,327,5,56,1882.548,2394.49,3,3.8,0.2,desktop,slacks,suit,shoes,0,0,0,0,0,1,0,2,2,0
CUST_0785,female,62,131,7,77,2219.1614285714286,2639.64,3,4.142857142857143,0.0,desktop,shoes,blouse,suit,2,0,0,0,0,3,0,0,2,0
CUST_0786,male,60,258,6,85,2350.3416666666667,2699.73,3,5.333333333333333,0.0,desktop,suit,shoes,slacks,0,0,0,0,0,2,0,1,3,0
CUST_0787,male,71,51,13,51,2211.762307692308,2754.94,4,5.0,0.23076923076923078,desktop,blouse,slacks,shoes,5,0,0,0,0,3,0,4,1,0
CUST_0788,female,62,112,8,104,2287.04,2639.64,4,5.0,0.125,desktop,shoes,blouse,slacks,2,0,0,0,0,3,0,2,1,0
CUST_0789,male,65,85,10,35,2381.564,2736.77,4,4.9,0.1,desktop,suit,shoes,slacks,1,0,0,0,0,3,0,2,4,0
CUST_0790,male,56,233,9,49,2313.9011111111113,2713.88,4,5.222222222222222,0.4444444444444444,desktop,slacks,suit,shoes,1,0,0,0,0,2,0,3,3,0
CUST_0791,female,58,91,11,66,2278.9700000000003,2713.88,4,6.454545454545454,0.2727272727272727,desktop,shoes,suit,blouse,2,0,0,0,0,4,0,1,4,0
CUST_0792,female,64,256,13,78,2245.473076923077,2916.36,4,5.076923076923077,0.23076923076923078,desktop,suit,shoes,slacks,2,0,0,0,0,3,0,3,5,0
CUST_0793,male,65,402,10,58,2390.493,2916.36,4,5.9,0.3,desktop,slacks,suit,blouse,2,0,0,0,0,2,0,3,3,0
CUST_0794,female,62,127,15,55,2235.82,2699.73,4,5.333333333333333,0.26666666666666666,desktop,slacks,blouse,shoes,3,0,0,0,0,3,0,7,2,0
CUST_0795,female,63,512,6,52,2134.016666666667,2664.28,2,4.833333333333333,0.5,desktop,blouse,slacks,unknown,3,0,0,0,0,0,0,3,0,0
CUST_0796,unknown,63,491,11,87,2163.7972727272727,2670.8,4,4.7272727272727275,0.2727272727272727,desktop,slacks,blouse,shoes,3,0,0,0,0,2,0,4,2,0
CUST_0797,female,56,113,14,14,2344.1692857142857,2881.61,4,6.142857142857143,0.14285714285714285,desktop,shoes,slacks,suit,2,0,0,0,0,4,0,4,4,0
CUST_0798,female,62,190,8,38,2170.09875,2870.68,4,6.375,0.125,desktop,slacks,shoes,blouse,1,0,0,0,0,2,0,4,1,0
CUST_0799,female,65,290,7,86,2018.3428571428572,2571.97,4,5.428571428571429,0.0,desktop,suit,shoes,blouse,1,0,0,0,0,2,0,1,3,0
CUST_0800,unknown,71,75,12,35,2367.7716666666665,2881.61,4,5.5,0.08333333333333333,desktop,suit,blouse,slacks,2,0,0,0,0,1,0,2,7,0
